message_id,msisdn,received_time,tracking_code,service_id,delivery_status
f2ba1e17-fbb2-4c5e-af0d-0e6ee21fc35e,447767996293,2026-01-01 03:02:25.000,VAC,SVC_001,SMSC_QUEUED
441c6117-8eca-4ef9-a87b-b597109f6e8e,447796371386,2026-01-01 04:19:44.000,LDQ,SVC_002,DELIVERED
53ce2852-ce24-4e1c-b9d9-88018336c653,447706924415,2026-01-01 05:04:59.000,QFJ,SVC_002,DELIVERED
e617cd59-776c-4743-90dc-fa8ebf2ad38a,447778360878,2026-01-01 05:32:16.000,YLG,SVC_002,DELIVERED
5d666775-efd7-4ab1-bcda-ff319f3eb55d,447778428644,2026-01-01 05:48:55.000,MBX,SVC_001,FAILED
fe051b44-73e7-4dfa-a7ef-87ff1dd20f64,447704793584,2026-01-01 06:09:06.000,WDH,SVC_002,DELIVERED
8a2278f8-5a75-41ac-9b57-1453dc9c923d,447760663822,2026-01-01 06:12:22.000,TNF,SVC_002,SMSC_QUEUED
29dafbb3-bcda-40eb-b0ef-65ef7e989bdf,447792987244,2026-01-01 06:59:05.000,PJQ,SVC_001,SMSC_QUEUED
b0048e11-9813-4cbb-b0a1-a1491f24a6ab,447704968028,2026-01-01 07:40:30.000,JWGT,SVC_002,SMSC_QUEUED
ae0fd320-b906-428c-8901-f426962043a4,447777617696,2026-01-01 07:49:18.000,AGM,SVC_002,DELIVERED
4082ce00-4169-45da-8f62-895c5afc51e7,447706557018,2026-01-01 11:08:54.000,IKVE,SVC_001,SMSC_QUEUED
179cd514-f4a8-4c5d-83a6-35d1cd90214c,447751706703,2026-01-01 12:25:33.000,GIQZ,SVC_004,DELIVERED
cac360a4-64c1-45cc-b7ab-a689468282a9,447759100935,2026-01-01 12:39:30.000,CWN,SVC_001,DELIVERED
c5d7365c-15b2-4a40-8c4e-afaf1f819801,447799886163,2026-01-01 13:29:41.000,GHV,SVC_001,DELIVERED
450e9b3f-173b-424a-9d99-5f715e727a6e,447738070019,2026-01-01 14:23:11.000,YYW,SVC_002,DELIVERED
c1ea02bd-6963-48c6-bc31-25ac64aea870,447792618097,2026-01-01 14:40:41.000,SHPD,SVC_001,DELIVERED
7bb82fc2-0071-405d-b9e5-5a548bfc5f91,447783300132,2026-01-01 15:13:46.000,UNE,SVC_001,DELIVERED
d1cc58f5-ef25-4e66-9e44-f13c0b882284,447754218886,2026-01-01 16:38:53.000,TUK,SVC_001,DELIVERED
de450b1b-ea62-4679-bb9d-90ac463926bf,447797979231,2026-01-01 19:04:45.000,PQR,SVC_001,DELIVERED
b70da142-a083-4b20-99d6-4ca02ca42125,447779084975,2026-01-01 23:23:40.000,JTN,SVC_001,DELIVERED
49f38c6c-4ead-40a5-8844-199061e5282a,447716367959,2026-01-01 23:59:39.000,FYA,SVC_001,FAILED
d9f09ae9-4d7c-46aa-9a63-2cc5eb895c5e,447725242843,2026-01-02 00:19:56.000,CXG,SVC_001,DELIVERED
6eae8b75-5237-4bbc-8fe6-b9af8105c1c1,447772642604,2026-01-02 00:21:52.000,BMN,SVC_002,SMSC_QUEUED
36825dbc-c172-465d-8337-6a7df325a1fe,447773728106,2026-01-02 04:16:47.000,XCY,SVC_002,DELIVERED
eb35aa22-4612-4f39-92f8-fd4f14a594c8,447792012628,2026-01-02 05:13:26.000,DUU,SVC_002,FAILED
78874e22-8841-48fc-a3c7-fca164ab377a,447769584395,2026-01-02 05:54:46.000,TYG,SVC_001,DELIVERED
21e3e39b-87ab-4073-aef4-c0794433de28,447774038899,2026-01-02 10:02:00.000,UXC,SVC_002,SMSC_QUEUED
d41eebc3-c02c-4bb1-b9f2-2ff446fc6682,447734665129,2026-01-02 11:20:34.000,SYT,SVC_001,DELIVERED
55180375-045d-4c6d-a95d-fc7b6b7a4b76,447722949623,2026-01-02 11:34:41.000,SAC,SVC_002,SMSC_QUEUED
c4015175-0bde-4644-af54-01b8eaa82c1d,447722157025,2026-01-02 12:13:30.000,ORF,SVC_001,SMSC_QUEUED
f7b8ddf8-805a-470a-851f-fbd33efeec7f,447737401092,2026-01-02 12:53:13.000,ETT,SVC_002,FAILED
d97d9ea1-8337-4807-9e00-ba7e4087cca7,447739286087,2026-01-02 13:32:03.000,VFH,SVC_001,DELIVERED
fad755fa-d305-4f6c-8c5c-53a330d55de1,447754659370,2026-01-02 13:59:29.000,SSJ,SVC_001,DELIVERED
71b17242-02b4-4ea7-a9db-debce196843c,447736223959,2026-01-02 14:04:43.000,WHR,SVC_002,DELIVERED
5bb9c399-e80c-4d1c-ac34-7d3d0b2078f0,447773128313,2026-01-02 14:09:47.000,RFD,SVC_002,FAILED
0ae182a6-af2a-49f8-b104-ac67d2fe2030,447789714355,2026-01-02 14:22:38.000,RVE,SVC_001,DELIVERED
c9779f85-28b2-42fa-9e1b-33899ad70557,447794469882,2026-01-02 14:30:31.000,AJN,SVC_002,SMSC_QUEUED
f18b7ed3-b1f1-4496-8397-451ac744d666,447714104845,2026-01-02 18:58:30.000,VKC,SVC_002,DELIVERED
65e1aec1-2d11-4157-ad22-34928ae47841,447753314561,2026-01-02 19:43:43.000,FDC,SVC_001,DELIVERED
6b29b8ac-68e0-4d38-ae97-416a5e559591,447781928900,2026-01-02 20:14:15.000,SES,SVC_002,DELIVERED
8479da22-0ade-49fe-b56c-9d29540c2f8b,447712396419,2026-01-02 21:17:44.000,XXZ,SVC_002,DELIVERED
f7f0686a-c43a-4163-87e3-40840e901bdd,447798132729,2026-01-02 21:39:33.000,EZN,SVC_002,DELIVERED
0404e5d4-b99f-4077-b328-75505bcb382d,447709319090,2026-01-02 21:47:45.000,FLE,SVC_001,SMSC_QUEUED
6360b8a8-d4a8-403c-bca0-e00ec503d349,447779387645,2026-01-02 21:51:25.000,UHG,SVC_001,DELIVERED
974b3d7a-a900-4508-bc11-1f19ecc14437,447778532627,2026-01-02 21:59:56.000,YUV,SVC_002,DELIVERED
0dd3c71d-5236-453c-b82c-5fd9a8e143f8,447758460573,2026-01-02 22:31:29.000,WCS,SVC_001,FAILED
896553c0-4397-411b-a40f-696b5c0bdf16,447763996632,2026-01-02 23:15:37.000,HCFZ,SVC_005,DELIVERED
a034d73f-64f7-4173-9796-5e94e67ed287,447716563265,2026-01-02 23:36:37.000,OKQ,SVC_001,SMSC_QUEUED
b1163871-c957-453d-870c-f5c34db294f7,447761464355,2026-01-02 23:57:56.000,TDN,SVC_001,FAILED
1a396c71-dc94-416b-9775-9c07c5c589d5,447790590159,2026-01-03 00:05:06.000,WUG,SVC_001,DELIVERED
c4423070-7c5c-4139-af5a-62c52f737b80,447776423914,2026-01-03 00:19:28.000,NPW,SVC_002,DELIVERED
202d7df3-ed5c-41b1-a7b2-828d28148321,447741432616,2026-01-03 00:32:36.000,OCN,SVC_001,DELIVERED
40784490-2eee-4539-8844-953401e0a6d4,447759446810,2026-01-03 00:54:07.000,GID,SVC_002,DELIVERED
badb9d8f-1bd4-4e71-b107-930b17c555a3,447763824507,2026-01-03 01:00:02.000,BMV,SVC_002,DELIVERED
1add6ad6-a0fc-4bdc-8a22-ec5c94349796,447784147728,2026-01-03 05:07:10.000,RZI,SVC_002,DELIVERED
73d953da-875b-403d-814c-ef119e3fe1e9,447713322651,2026-01-03 05:26:12.000,TUU,SVC_002,DELIVERED
ffe68cea-1eeb-43ba-b5bf-6f8db4d25c01,447710417436,2026-01-03 05:42:59.000,AVA,SVC_001,FAILED
cbdc3a87-bccd-44b0-a99f-d6b4e3e30818,447708070642,2026-01-03 06:11:20.000,YHXXK,SVC_002,DELIVERED
aada915b-ad05-4e9c-8202-d0a5ec82f183,447775963912,2026-01-03 11:30:34.000,UBEZL,SVC_001,FAILED
6a87e2be-951a-4617-bf2f-e87cbab174e5,447718041425,2026-01-03 11:32:34.000,ZSNG,SVC_003,DELIVERED
733eea29-7cb7-4a46-b5d7-d54eff95d53b,447725723911,2026-01-03 11:58:09.000,UNH,SVC_001,DELIVERED
dc291021-5eb1-4a56-81ea-493ad6d8a353,447739188865,2026-01-03 12:28:56.000,GCV,SVC_002,DELIVERED
1f2228ca-d5ec-41b6-b04b-a01bbbe967a6,447755846121,2026-01-03 12:48:37.000,XBE,SVC_002,SMSC_QUEUED
314ccde8-2962-4b93-ba2d-53035e75840b,447797604643,2026-01-03 12:49:40.000,ROH,SVC_001,DELIVERED
850b1668-7e6c-4daf-87df-bb5c12a946e4,447717944986,2026-01-03 13:25:53.000,HQB,SVC_001,DELIVERED
7cbf8287-53d9-473f-a870-c3079f24f2eb,447713054921,2026-01-03 13:37:51.000,MNM,SVC_001,DELIVERED
72423839-dbe5-476a-8eb2-3b1fa2ff16c0,447737603939,2026-01-03 15:36:44.000,JQC,SVC_002,FAILED
670acac9-7ab8-4b84-ac69-ce63dbe115d2,447735380514,2026-01-03 19:27:42.000,FIR,SVC_002,DELIVERED
17a8a5d7-e7a5-4d28-a681-06cda8f8530a,447794380138,2026-01-03 20:14:36.000,IEO,SVC_002,SMSC_QUEUED
924fbc74-6980-49eb-bc3e-ac58eed48bd9,447754793270,2026-01-03 21:57:02.000,BSQ,SVC_002,FAILED
89492f01-05e1-4407-ac82-f47a5e4b82d7,447710670103,2026-01-03 22:10:37.000,KGP,SVC_001,SMSC_QUEUED
9dce417d-8a31-4b39-83e5-115471b0978d,447718717925,2026-01-03 22:15:50.000,OQU,SVC_001,SMSC_QUEUED
5352669b-34f9-4058-a901-5c60b4ff3f65,447732347208,2026-01-03 23:05:49.000,UUY,SVC_002,DELIVERED
a145e407-8fd1-48d6-b032-2f100c8e0be6,447746266777,2026-01-04 00:01:39.000,UUYQU,SVC_005,DELIVERED
e9d6d52f-ea1e-4308-9c4e-2df6f8dfbdd6,447783162177,2026-01-04 00:41:45.000,UYW,SVC_001,DELIVERED
37ac0bf3-d477-4bc8-82df-844b61e7cd2e,447761818316,2026-01-04 02:11:26.000,VDO,SVC_001,DELIVERED
ac1a820a-1fa9-4bad-9a99-20197bdeed75,447766576562,2026-01-04 02:15:35.000,TGT,SVC_001,DELIVERED
65d592a5-91a3-49de-94df-7ac75db47953,447713849845,2026-01-04 05:38:06.000,SNQ,SVC_001,DELIVERED
548c132f-9f2c-4da8-9897-10fae3ef1299,447781573331,2026-01-04 05:52:10.000,SSAX,SVC_001,DELIVERED
ec5b4e6e-c12f-4110-9df9-bdc4269ce8db,447777184447,2026-01-04 06:50:20.000,GFNB,SVC_004,DELIVERED
0db7a4cc-637e-453e-a821-9dd353576215,447728522012,2026-01-04 07:11:49.000,YGM,SVC_002,DELIVERED
cc26cb29-121b-4d96-98bd-21c1d4bc3237,447794173802,2026-01-04 07:58:16.000,EYJ,SVC_002,DELIVERED
2d664a4e-ecf3-446a-a056-949da45ff2de,447791213510,2026-01-04 09:09:31.000,WBK,SVC_001,DELIVERED
9f025785-c1c9-45ef-b285-e0c98e92a9bc,447753567431,2026-01-04 10:46:18.000,RMI,SVC_002,DELIVERED
5412b5a8-950d-4d32-8eca-16ccd58c3ea3,447725722691,2026-01-04 10:56:55.000,HHO,SVC_001,DELIVERED
0bd7b98e-5d78-4789-8f1a-58fb6a6e7fb9,447713454246,2026-01-04 12:38:37.000,NVH,SVC_001,SMSC_QUEUED
b270a8af-9b9a-4a2d-a2d2-e20761bd65cd,447743309767,2026-01-04 15:29:00.000,BWG,SVC_001,DELIVERED
fd824973-927f-491d-aaa2-0488c59665b0,447710139867,2026-01-04 15:36:29.000,RIH,SVC_002,SMSC_QUEUED
a18512a0-43d8-4325-a2ea-846e7549946f,447764595579,2026-01-04 16:37:27.000,FTJ,SVC_002,DELIVERED
c9b88745-74a7-41ed-93e7-43164c6155c7,447777397631,2026-01-04 17:20:06.000,NPW,SVC_001,SMSC_QUEUED
1f1e2b13-417e-4994-9b60-91eab3cec161,447772870005,2026-01-04 17:34:41.000,CSL,SVC_001,DELIVERED
d1932fdd-4b9d-4e84-a4a2-5ae540ed653b,447772331085,2026-01-04 17:46:54.000,KFD,SVC_001,DELIVERED
7d26b25e-e21a-47ea-bb23-b49c44d8cc30,447707907470,2026-01-04 17:58:32.000,SUO,SVC_002,SMSC_QUEUED
a71736cc-3457-47a2-a196-7e62e05becd0,447715067322,2026-01-04 19:44:03.000,ZBK,SVC_001,DELIVERED
354f7f20-c25f-476b-9692-d14e8351240d,447705015256,2026-01-04 19:45:45.000,SYX,SVC_002,DELIVERED
70ed1dbf-2d4b-483e-a7fc-fc4aeb78532c,447792399034,2026-01-04 20:39:26.000,OWX,SVC_001,SMSC_QUEUED
c5a17d83-b125-45f2-967b-39a1073d338b,447713372061,2026-01-04 22:40:32.000,GJM,SVC_001,DELIVERED
ab87294d-9593-408e-9aae-2600573b1545,447797115406,2026-01-04 23:58:34.000,QNKC,SVC_003,FAILED
15dacef5-1c66-4182-97ae-c6b022e877dc,447777132447,2026-01-05 02:55:41.000,WRK,SVC_002,DELIVERED
699d91ec-12b7-4e7c-9b3d-23b9a71946fa,447793973343,2026-01-05 03:11:50.000,CXELQ,SVC_005,SMSC_QUEUED
1bbc6cbc-4c03-4bb9-9c11-f0ef7e3b6c42,447735969068,2026-01-05 04:48:38.000,PVW,SVC_002,DELIVERED
ce2e506f-3a3f-4fcf-870e-ac11c7abca6e,447745375220,2026-01-05 05:31:24.000,GNI,SVC_001,DELIVERED
f8d4ad69-d4a8-428e-a571-6f968600889e,447715848645,2026-01-05 06:34:47.000,VEF,SVC_001,DELIVERED
dfb5f37c-470c-4778-9634-decd764f2737,447700038671,2026-01-05 08:18:35.000,NBL,SVC_002,DELIVERED
710922fd-416c-45b8-ae2d-a4df07add024,447720287279,2026-01-05 08:23:45.000,IBG,SVC_001,SMSC_QUEUED
2234a7ac-29d1-4729-8d49-bd35f12ff429,447753272608,2026-01-05 09:38:08.000,SWH,SVC_001,DELIVERED
8c6cf771-e481-4e82-b56f-9bc3bc1262e6,447763047881,2026-01-05 11:13:25.000,NYB,SVC_002,DELIVERED
9f6f81c7-deeb-488f-b87e-a97f5df9ba8a,447773205041,2026-01-05 14:22:27.000,BSD,SVC_001,DELIVERED
afd7f234-2527-4b29-a6ea-c5d70bae4909,447754817178,2026-01-05 14:45:45.000,LWY,SVC_002,DELIVERED
26084988-f223-46c9-9f7f-c6e0ab1e1874,447766253048,2026-01-05 15:03:26.000,KWC,SVC_002,DELIVERED
5c71c7d3-d765-423a-acc3-91a89149c31a,447750316822,2026-01-05 15:11:14.000,TKR,SVC_002,DELIVERED
50524468-9005-4956-829b-8e330474612f,447748657036,2026-01-05 16:26:52.000,VNE,SVC_002,DELIVERED
6888a0d9-1213-4a85-beaf-229086b372c6,447780625642,2026-01-05 16:37:42.000,FUZRV,SVC_005,DELIVERED
a87176a1-d8db-4568-9bbc-b632263d0aea,447730018482,2026-01-05 17:48:50.000,OXQ,SVC_002,DELIVERED
c583b65c-10fb-42db-b9da-680c74dafe9c,447709999487,2026-01-05 17:59:34.000,GXA,SVC_002,FAILED
56a35a96-45d9-4faa-9cfd-cbeb6f44120a,447734245274,2026-01-05 19:44:13.000,MRO,SVC_002,SMSC_QUEUED
0afbf114-7498-4dc5-8549-928d2400043e,447717198316,2026-01-05 20:25:50.000,DBG,SVC_002,SMSC_QUEUED
2d34e59d-cf38-466f-8dbf-cc08824adf4f,447793210120,2026-01-05 20:46:54.000,PDC,SVC_002,SMSC_QUEUED
2f7200b0-1b35-41ef-a602-66eb2e589f53,447779520435,2026-01-05 21:14:53.000,NZP,SVC_002,DELIVERED
64d1b1f4-dc14-4c79-ad22-19f634a05259,447700296875,2026-01-05 21:54:16.000,SLG,SVC_002,DELIVERED
c65ea9b1-ce28-43ab-86cb-95d5d3ed7bd2,447793355205,2026-01-05 22:05:07.000,YKQ,SVC_002,DELIVERED
efa5dc0d-6810-4cd9-bde4-1405acd910c4,447703737226,2026-01-05 23:19:47.000,RZL,SVC_001,DELIVERED
902a941c-2c5e-45cd-87b2-41fef54942af,447749965946,2026-01-05 23:29:33.000,QTT,SVC_002,DELIVERED
4d60405f-509e-43f4-bb32-cac2a5831f32,447736939903,2026-01-05 23:32:10.000,JUH,SVC_002,DELIVERED
bd2ed5d1-0046-473e-a342-25d137887cda,447791971126,2026-01-05 23:39:24.000,HNJ,SVC_001,DELIVERED
4d36fb89-2539-4f11-955a-aa03b6a56981,447757529712,2026-01-05 23:51:48.000,QOD,SVC_002,FAILED
e2e511bc-cf3b-4659-b88a-501a19573e19,447746995391,2026-01-06 00:01:47.000,CAN,SVC_001,DELIVERED
f37ec901-301b-41d9-b727-7cb98c280e26,447760177669,2026-01-06 00:04:35.000,OUW,SVC_001,SMSC_QUEUED
5a40e849-f0e1-4cf7-94e6-a75aa313354a,447719053183,2026-01-06 00:49:13.000,XCV,SVC_002,DELIVERED
f683e114-0a76-42b6-a6f3-83c4b41ba638,447799045757,2026-01-06 01:20:41.000,VHD,SVC_001,DELIVERED
740a9fee-b2e6-49ba-9b8a-f1779fc95345,447711840633,2026-01-06 04:01:13.000,KOY,SVC_002,DELIVERED
41770b5a-c8e2-406d-9062-db1ce9765fad,447745375402,2026-01-06 05:08:06.000,YSN,SVC_001,DELIVERED
3fc08c79-7bf8-4ef1-8344-844b747684c5,447780573304,2026-01-06 05:12:42.000,LPHY,SVC_004,DELIVERED
c5dd57fe-e302-4b7a-8108-ec2595c3c8bd,447764590553,2026-01-06 07:06:41.000,GYD,SVC_002,FAILED
03bbeda7-d7eb-4d4d-a2a4-1482fbcb6676,447751909143,2026-01-06 10:53:50.000,LAU,SVC_002,DELIVERED
5c6a3a70-e19f-422c-aac2-247c6a007f33,447728684085,2026-01-06 10:57:24.000,DPJ,SVC_001,SMSC_QUEUED
7e265e6b-4f40-4bb1-b228-6daf9b09bb2a,447773124637,2026-01-06 12:44:07.000,LRR,SVC_001,DELIVERED
48711373-18a3-4605-95e9-ac94de77fea7,447703101502,2026-01-06 13:04:29.000,TUI,SVC_001,DELIVERED
7ff9712b-b4e5-4f4e-ac18-6c104ae9bd8a,447738566545,2026-01-06 13:09:02.000,ZTG,SVC_002,DELIVERED
ebdc4bf1-2df9-4133-928e-7d5059373603,447776508846,2026-01-06 17:18:19.000,MFA,SVC_002,DELIVERED
8cf048f4-007d-48b7-8e74-92c71897a5d9,447771483531,2026-01-06 18:00:43.000,KFC,SVC_001,FAILED
c02c617e-8096-47a4-b752-418614810786,447755925081,2026-01-06 18:09:20.000,VIZ,SVC_001,DELIVERED
5e7e8794-8086-4442-bee4-6ec45b1ed621,447723575893,2026-01-06 19:22:53.000,BTB,SVC_002,DELIVERED
0b1d34e8-8da2-492f-90ef-8078aadf7127,447761780642,2026-01-06 19:35:29.000,UWN,SVC_002,DELIVERED
285e7e85-aaa2-4e44-86ad-3d3a73cda2e7,447772875453,2026-01-06 19:46:02.000,PLK,SVC_001,DELIVERED
9ddce1dc-c63f-4d30-aea5-b22ca764fb3e,447770131288,2026-01-06 20:04:55.000,BJQ,SVC_002,FAILED
241ec9f5-929b-484c-a516-351fda091f14,447731110160,2026-01-06 20:19:06.000,KBY,SVC_002,FAILED
e9942284-4144-4f7b-927b-cd33e46041db,447735988846,2026-01-06 20:19:32.000,AML,SVC_002,FAILED
4ba36841-903c-4842-bb56-eadd932f9901,447741912488,2026-01-06 22:06:00.000,PIO,SVC_001,DELIVERED
f0cf70d0-239a-431a-a2ae-5e962b339698,447703558085,2026-01-06 23:12:08.000,SPT,SVC_001,DELIVERED
564d395d-f482-46b3-bf84-eb84af3af9b5,447726351512,2026-01-06 23:26:12.000,AYR,SVC_002,DELIVERED
b7d1b695-051b-47e3-a6c3-341cff9a58fc,447780472481,2026-01-06 23:57:24.000,BFF,SVC_002,DELIVERED
5ca28fd7-3423-4130-8646-a3ac4567474b,447792267108,2026-01-07 00:31:02.000,CDY,SVC_001,SMSC_QUEUED
1ff761ec-587b-4267-a708-a4a417ad5f8f,447748304572,2026-01-07 00:41:54.000,SEI,SVC_002,DELIVERED
45effab0-3173-48f9-8720-4e9c5e2d96de,447751745942,2026-01-07 02:49:50.000,OHP,SVC_001,DELIVERED
db355278-aff8-451d-a2bd-ca74680e0639,447769287238,2026-01-07 03:15:19.000,YWI,SVC_001,DELIVERED
9a35691a-e9c2-4544-8fc9-54f659d622df,447736596305,2026-01-07 06:10:29.000,HSGY,SVC_002,DELIVERED
db44df44-38c6-47ef-9f03-73f7d6b436ec,447755239160,2026-01-07 07:06:47.000,ZUSAK,SVC_002,FAILED
ebf073c4-1738-41bf-b5b3-6bdc6e43a205,447738200601,2026-01-07 07:46:08.000,LRV,SVC_001,DELIVERED
f655694d-20b6-441e-9d53-10330478fb7c,447761993288,2026-01-07 09:32:32.000,LLMZ,SVC_004,DELIVERED
377f8334-76f3-44e9-aa4d-7065cee16c30,447716768553,2026-01-07 09:43:58.000,TMN,SVC_001,DELIVERED
11bb8923-ee83-4353-a5db-b3035052bc38,447714851771,2026-01-07 13:33:15.000,EOT,SVC_001,SMSC_QUEUED
07783ff4-1f84-4d69-87fb-0f271b7ab3e5,447741636376,2026-01-07 13:46:22.000,URL,SVC_001,SMSC_QUEUED
da91ca2a-8f53-4650-85f4-54ffdad6c721,447716020678,2026-01-07 14:52:31.000,LVW,SVC_001,DELIVERED
c75159ce-5575-4a2f-931e-aa8ff31fec5e,447734329893,2026-01-07 15:36:57.000,OLT,SVC_002,DELIVERED
199b17e1-93b1-4143-966f-567f774df97c,447714799636,2026-01-07 16:52:25.000,XNU,SVC_001,DELIVERED
cbed7d8c-9e59-46f7-92b2-27b032760142,447773287085,2026-01-07 17:33:22.000,UJA,SVC_002,DELIVERED
c0fd8c98-ce7a-45b7-941a-913b02c35f3d,447798425160,2026-01-07 18:43:11.000,QIE,SVC_002,DELIVERED
83af4944-5e90-4c81-a4ab-521d169bd55f,447785782000,2026-01-07 18:56:19.000,RRA,SVC_001,SMSC_QUEUED
b2301b0a-6354-4e1f-9662-7b2223efec80,447762755959,2026-01-07 19:39:50.000,HOBZA,SVC_003,DELIVERED
2a716214-e555-4c7a-9a32-f5a59cd108ed,447782117144,2026-01-07 20:58:56.000,KDB,SVC_002,FAILED
8495c615-f87b-489f-9d5d-340d80daed9b,447787334450,2026-01-07 21:49:25.000,FRQFB,SVC_004,SMSC_QUEUED
82f349f3-4a67-4f0f-beec-4e845c1d5bb8,447714655628,2026-01-08 01:59:40.000,UWY,SVC_002,DELIVERED
9bbab10b-1165-4cba-8d9d-2f23303cb0d7,447785686715,2026-01-08 03:52:19.000,YRF,SVC_001,FAILED
31c97867-1e0f-4cca-9380-caffb8ce99e2,447790595685,2026-01-08 04:39:54.000,OLUA,SVC_003,FAILED
a373c1d2-eb96-486f-a256-efdcdb28ea4e,447767606417,2026-01-08 08:54:28.000,TAR,SVC_002,DELIVERED
c15b7445-67c6-49a6-a3b9-fa5785cabec2,447705667242,2026-01-08 09:11:50.000,LMO,SVC_002,SMSC_QUEUED
71ee5029-fb9d-4ac2-a865-27c5a0bc37e1,447708816329,2026-01-08 09:18:51.000,ADBEH,SVC_003,DELIVERED
266e432c-0a06-4d44-b7dc-34ca819f8782,447750571501,2026-01-08 10:03:25.000,UZB,SVC_001,SMSC_QUEUED
4611bffd-379a-4bce-96b3-a4cd8b72aec4,447716525687,2026-01-08 10:09:35.000,EYL,SVC_002,SMSC_QUEUED
e6f38f02-e6f3-4f01-b7f4-6c837195a231,447700991502,2026-01-08 10:12:09.000,RLP,SVC_002,FAILED
e30927ce-a0e2-412f-b973-504f37ce2d44,447769039212,2026-01-08 10:32:27.000,JDQ,SVC_002,DELIVERED
d73588d0-11e2-458c-a2f6-097a34afa4f2,447783100528,2026-01-08 11:19:06.000,NSE,SVC_001,SMSC_QUEUED
487f1f7f-5d49-41fb-89d0-ce6db8f2157d,447785092706,2026-01-08 11:21:16.000,DNF,SVC_001,DELIVERED
52735fcd-0d68-404a-a012-fefe507f74cc,447735518658,2026-01-08 11:42:07.000,AQI,SVC_002,DELIVERED
2985bfc4-e6f0-47dd-8abe-924379e8b56e,447762532118,2026-01-08 11:59:41.000,AQR,SVC_002,DELIVERED
b477c595-b6b5-431a-992f-96b68f87b955,447776276328,2026-01-08 12:10:17.000,RWT,SVC_002,FAILED
f249c514-299b-4c4f-94bf-abfd2f57c7bf,447780567003,2026-01-08 15:00:36.000,KDV,SVC_001,DELIVERED
5bc637b3-2380-4b72-a2bd-e6f0bf5bd1aa,447724433333,2026-01-08 15:11:34.000,HQQ,SVC_002,DELIVERED
0a3495fe-8f70-40b6-a087-36e74e0142dd,447742190808,2026-01-08 18:23:16.000,OXO,SVC_001,SMSC_QUEUED
22f64727-dab6-4871-a97d-8275c87c5237,447743137811,2026-01-08 19:15:34.000,IEC,SVC_001,DELIVERED
68304c17-d9de-4419-a889-4f6d62e0a08d,447777554445,2026-01-08 21:33:39.000,KZE,SVC_001,DELIVERED
39178ef2-0dff-4dd6-afdb-baa3db20f1ca,447721341579,2026-01-08 22:24:17.000,FDIOM,SVC_001,DELIVERED
31822169-4bbb-4146-ba5f-5242e1c71f52,447726485314,2026-01-08 23:32:45.000,XMAP,SVC_001,DELIVERED
ed51002c-2c77-4f78-8dae-77cd7e007f39,447787503016,2026-01-09 01:29:48.000,YOA,SVC_001,DELIVERED
68cc3f36-ab75-456d-9c75-9529a62e565d,447767600410,2026-01-09 02:03:31.000,CVSIV,SVC_001,DELIVERED
529bdd21-790b-43d5-960f-c179b1e60b52,447784808891,2026-01-09 02:27:31.000,FFQ,SVC_002,DELIVERED
5611e722-5a85-491e-bf93-c3473d0e7c04,447781660278,2026-01-09 04:01:12.000,YCM,SVC_001,FAILED
c30174c4-f67d-4ab2-92fa-098f9b5dd74e,447706866743,2026-01-09 04:02:38.000,WXV,SVC_001,DELIVERED
7c53f875-1332-4dc1-93ad-f8ceade3aa59,447757736609,2026-01-09 06:02:51.000,JKC,SVC_001,DELIVERED
63ab22af-38bc-4e8c-9931-218c45edf118,447752745476,2026-01-09 07:36:56.000,FEQ,SVC_001,FAILED
7a0251a5-3911-4b3a-8fb0-0f92c9d241fc,447792707560,2026-01-09 07:58:51.000,VMV,SVC_002,DELIVERED
e0d402fd-184a-4768-b7c3-46c3189ce6b7,447729156708,2026-01-09 09:57:21.000,KFCDW,SVC_003,DELIVERED
991e94b0-08be-4ba1-94c4-b44cb899b2fb,447799192718,2026-01-09 10:10:29.000,BYG,SVC_001,DELIVERED
d55ee2d9-5c48-483b-8716-4044b894053d,447706832501,2026-01-09 10:22:31.000,DWU,SVC_002,DELIVERED
a1f52127-49b0-4991-8464-5e925a0515fa,447752770807,2026-01-09 12:33:02.000,YUA,SVC_002,DELIVERED
dc870e7b-b22b-4f99-a716-f7624c203017,447717109250,2026-01-09 14:45:33.000,SNO,SVC_001,DELIVERED
ca2ae749-647f-4c29-9963-e0d97b534609,447791380097,2026-01-09 15:21:30.000,TDM,SVC_001,DELIVERED
3e0063cb-bf64-4fdc-851f-508aa0a0e981,447744785374,2026-01-09 17:48:16.000,WJE,SVC_002,DELIVERED
74d77a78-5472-41bd-9fad-f74bd2166dc6,447754567575,2026-01-09 18:42:53.000,LBI,SVC_002,DELIVERED
d8c3cb45-5993-4932-b2ea-2d3fbd494e11,447768026559,2026-01-09 19:25:51.000,PKT,SVC_002,DELIVERED
ddeb6721-5340-453a-bae6-27fa5c5d496f,447759876930,2026-01-09 20:05:26.000,LHE,SVC_002,DELIVERED
6656e34a-6427-42e9-8071-587a8a4fef07,447707777983,2026-01-09 21:32:55.000,SNZ,SVC_001,DELIVERED
db53c136-8b79-45c6-8667-d3d2d1afbf75,447775279552,2026-01-09 23:38:49.000,ZUI,SVC_001,FAILED
756fb7cd-0a27-4cb2-b629-d4d4b13aa728,447750065675,2026-01-10 03:22:36.000,SZA,SVC_002,DELIVERED
712aca98-cd37-4a7f-ae4b-9d813ed899b5,447790130702,2026-01-10 03:28:58.000,ABE,SVC_002,SMSC_QUEUED
d8e852ea-fe9c-4f55-a4c6-4d0f184f054a,447702724264,2026-01-10 05:54:13.000,BGQ,SVC_002,DELIVERED
6997373c-f9c2-4da9-9774-6d4add74c108,447788715573,2026-01-10 06:12:53.000,WVU,SVC_001,FAILED
def65781-ea20-4ce3-b17d-ab4fbe986990,447788584948,2026-01-10 06:47:58.000,IFI,SVC_001,FAILED
a021efb5-1099-436d-b88f-65dc8bea02e3,447756105168,2026-01-10 08:55:56.000,WNJ,SVC_001,DELIVERED
3153c968-730e-487b-ac9d-5f9c36864772,447784013415,2026-01-10 09:06:34.000,QSD,SVC_001,DELIVERED
74064693-6f1e-4298-9c38-5551dbb7de55,447718450841,2026-01-10 10:34:02.000,USH,SVC_002,FAILED
5e720cb3-5102-4156-8126-20e445c81050,447748574301,2026-01-10 11:22:10.000,FYN,SVC_002,DELIVERED
3e215faf-7909-4561-9cef-960f45cd7386,447768981462,2026-01-10 11:22:27.000,VSV,SVC_001,FAILED
3e70ca0a-e8be-40a9-afbf-e8f19feef978,447758198190,2026-01-10 15:16:37.000,HCJ,SVC_001,DELIVERED
2ccadb1e-6e61-452b-a84d-71bc04cc39e2,447747293696,2026-01-10 15:34:16.000,XNK,SVC_002,SMSC_QUEUED
e5f07d54-52b9-49b4-986b-2c1a9c4f545f,447735285145,2026-01-10 15:47:21.000,ESM,SVC_001,DELIVERED
99684ad0-9c8f-4827-b010-f2e677ae17b1,447799703587,2026-01-10 16:54:07.000,ZFPDH,SVC_001,FAILED
2f0b2aeb-e833-4ece-864d-c0f495d3ba93,447710060841,2026-01-10 17:36:06.000,OGD,SVC_001,FAILED
90fd2e96-c12e-44ff-93c5-887b41fc5139,447796883241,2026-01-10 18:28:09.000,WSSE,SVC_004,SMSC_QUEUED
3683ad84-a2f9-4c59-8259-4ed97290b302,447751423984,2026-01-10 19:12:25.000,CVW,SVC_001,SMSC_QUEUED
8a8c7535-1a1b-48be-9568-7f2c39a4d0df,447771115946,2026-01-10 21:00:47.000,QSVI,SVC_001,DELIVERED
17710347-94dd-43e8-a2d9-d3fb06d962ee,447708259158,2026-01-10 21:05:01.000,LXO,SVC_001,DELIVERED
b73f7faf-5671-4020-b89c-26ce6b9d6fff,447792404184,2026-01-10 21:21:09.000,MONK,SVC_003,DELIVERED
e1c66eef-11d3-4307-98a5-59c382e94d8e,447746101329,2026-01-10 22:09:51.000,CBW,SVC_001,SMSC_QUEUED
41a5a78b-2aae-442b-9d74-0cd44b864a1e,447738891546,2026-01-10 22:31:28.000,LDM,SVC_002,DELIVERED
4b6ea009-d639-4f4d-bc9a-d0e1995a424b,447730750921,2026-01-10 22:50:12.000,LFL,SVC_001,DELIVERED
8190a664-ca13-48e2-8c58-53bc0a026970,447788505651,2026-01-10 23:27:26.000,YYI,SVC_002,DELIVERED
1fe69bbb-4bad-402c-b113-ba1ea7a60b03,447783255162,2026-01-11 00:10:48.000,EYX,SVC_001,DELIVERED
c8403d6e-de36-4811-a876-b1941db94d63,447775853776,2026-01-11 00:30:31.000,TWY,SVC_001,FAILED
6798bd9c-f643-452b-8d00-808e2364e6e8,447794502291,2026-01-11 00:53:10.000,CAETG,SVC_004,SMSC_QUEUED
e61f1c80-482d-4d11-940e-01d4bcde5b40,447761004086,2026-01-11 01:22:58.000,QGO,SVC_002,DELIVERED
f2dac6dc-9084-4ecd-8798-099f74c0566a,447758149447,2026-01-11 01:32:05.000,XIJ,SVC_001,DELIVERED
b0e7d2b7-61e6-4bae-9130-56c3233895d4,447738964166,2026-01-11 04:35:13.000,OIK,SVC_001,SMSC_QUEUED
72e1864c-8a9d-4e15-9e59-6d8b5ff215dd,447734965025,2026-01-11 05:22:01.000,SMT,SVC_001,DELIVERED
0d0b2980-3c33-4b75-987e-d6feacb4b488,447798248898,2026-01-11 07:06:00.000,YMS,SVC_001,DELIVERED
515e6a02-bffb-44a9-bd24-ca0bfd417ad3,447763313413,2026-01-11 09:32:17.000,PAO,SVC_001,DELIVERED
61b6f89d-5473-4715-9c01-f0ec02995f0c,447749649529,2026-01-11 09:36:17.000,ELV,SVC_002,DELIVERED
11156c1e-dbff-4a13-8777-6b2c536ca2b5,447767189634,2026-01-11 09:42:13.000,BBG,SVC_001,DELIVERED
72a2a35f-4b10-4f79-b1e6-752f97029fa3,447781979277,2026-01-11 10:43:49.000,MNM,SVC_002,DELIVERED
6701975a-57c2-4e68-9bb2-baa0e4b8286e,447758931828,2026-01-11 11:19:21.000,POX,SVC_002,DELIVERED
c52b85fa-a4f0-4d01-b580-64541d40aed0,447783149118,2026-01-11 12:21:37.000,DJS,SVC_002,DELIVERED
8846fdee-130e-484a-9240-c7a7ec3d1dfd,447724216549,2026-01-11 13:12:56.000,XNN,SVC_001,FAILED
3e6b7bfb-c2b8-45e4-9957-db6b48293cfd,447734463316,2026-01-11 13:31:45.000,LRS,SVC_001,SMSC_QUEUED
0f11685a-ddeb-4aa7-84cd-3ae3be40e495,447741464993,2026-01-11 16:12:33.000,XQV,SVC_001,DELIVERED
2b161a75-af23-485b-9c33-a3d6fe6f064d,447780005562,2026-01-11 16:54:29.000,VEF,SVC_002,SMSC_QUEUED
37b83017-d861-43ec-be92-02be22b612fd,447731388369,2026-01-11 17:06:17.000,OYC,SVC_002,DELIVERED
1849d4f3-3256-430b-ac4e-019109ac1817,447787996271,2026-01-11 17:32:55.000,YTR,SVC_002,DELIVERED
18cac7f6-7d80-4820-b29a-c5c1be0b5115,447787724724,2026-01-11 17:34:26.000,HMQ,SVC_001,FAILED
0ad45c3d-56cf-433d-9f39-1809249320fa,447710234940,2026-01-11 20:35:49.000,PCZ,SVC_001,DELIVERED
9eaa3c65-080e-4054-b0bd-567bf3ff3e2e,447704238009,2026-01-11 21:08:24.000,KQT,SVC_001,DELIVERED
9d9ff5a0-4ca8-4153-9655-f50fcde4b5e7,447738236707,2026-01-11 22:58:53.000,BQA,SVC_002,DELIVERED
63e32a5f-f497-4815-814a-c5d06d0cf658,447763454778,2026-01-11 23:03:49.000,DJC,SVC_001,DELIVERED
007e39e2-a762-4369-b0c7-8a9ed41c8633,447737199396,2026-01-11 23:42:24.000,SRY,SVC_002,SMSC_QUEUED
d42df389-0242-43a6-bb36-3d316eff0f5d,447730910594,2026-01-12 00:18:56.000,LGY,SVC_002,SMSC_QUEUED
31e462cf-6f1c-40a7-a0a1-103665d04814,447763071496,2026-01-12 01:18:54.000,JFA,SVC_002,DELIVERED
197981f5-79fb-43e6-ba2e-b07aba585933,447710181823,2026-01-12 01:39:56.000,CHU,SVC_001,FAILED
757d1e09-110a-4a9e-8542-9cd63ca734a3,447736578812,2026-01-12 01:55:54.000,KNX,SVC_001,DELIVERED
c32119f6-23f6-40b4-a4f1-445b64c6f911,447785864799,2026-01-12 04:24:46.000,PSJ,SVC_001,FAILED
ee8b211c-38b1-4669-8cb9-a409f8dd191e,447747875659,2026-01-12 07:21:26.000,SVB,SVC_002,DELIVERED
2ef1b112-2a8a-4f5d-bb73-ae218d8d79ad,447700021177,2026-01-12 08:28:08.000,RPD,SVC_002,DELIVERED
923cc5de-4c05-4196-82fc-6f63302a1adf,447755753484,2026-01-12 08:44:49.000,EYQIN,SVC_004,DELIVERED
a58b1dba-ee02-4c52-8e72-3b845d669f2e,447787609964,2026-01-12 09:51:08.000,ZDH,SVC_002,FAILED
d4434311-d814-4cee-9d0b-741daee03a4b,447740047301,2026-01-12 10:47:55.000,YOO,SVC_002,SMSC_QUEUED
9857b73f-9e28-4d49-b4aa-c461acf5583c,447761451797,2026-01-12 11:15:27.000,HYF,SVC_002,FAILED
d9676d2e-e417-4ed2-819b-fb4fa99cf2a1,447768058145,2026-01-12 11:31:07.000,GBT,SVC_001,DELIVERED
aee74cd4-4bf1-4a1e-978b-512fa26ed579,447710493527,2026-01-12 13:36:45.000,DPM,SVC_001,SMSC_QUEUED
9a1b48a9-b6dd-483b-95c9-096b04e72591,447745541542,2026-01-12 14:56:47.000,BJFZ,SVC_005,FAILED
0637a393-d891-4862-87da-1f9174248670,447747649154,2026-01-12 16:06:51.000,MBP,SVC_001,DELIVERED
dc444f01-f7b5-41fb-8f1a-05551f3cb8c0,447762201825,2026-01-12 18:23:53.000,IGW,SVC_001,DELIVERED
a7abf9f3-5b02-4b33-9567-ed1f926950b9,447731788729,2026-01-12 19:25:37.000,AJX,SVC_001,DELIVERED
ba92ac06-fbef-4dd9-bc49-6ce1950565d7,447711865421,2026-01-12 20:04:41.000,OTL,SVC_002,DELIVERED
8940cf34-7c9c-4536-8340-b74021340098,447761014877,2026-01-12 21:55:08.000,LEG,SVC_002,FAILED
f1ab0e2d-c1e9-4d41-852e-9c7b8ab097ee,447727973966,2026-01-12 23:02:22.000,VDV,SVC_001,DELIVERED
cbbc01fe-50d9-40aa-8434-b7ee93206c06,447793231210,2026-01-13 00:26:38.000,LCO,SVC_002,FAILED
b4a78f93-830a-4749-b9c1-76a6c2f04cb7,447766421739,2026-01-13 03:07:30.000,MLB,SVC_002,DELIVERED
c592a0e4-9625-4986-9da2-60b67e0e5a13,447778871970,2026-01-13 03:34:41.000,ZSM,SVC_002,DELIVERED
9f02563f-75e4-46f6-8990-92ae8c1e25d3,447713972180,2026-01-13 04:05:27.000,MFK,SVC_001,DELIVERED
57ab1523-0541-412f-9bcb-bae5a9bfde90,447706304318,2026-01-13 05:40:58.000,SAO,SVC_002,DELIVERED
4a889d26-1491-4d10-bc3e-b8c8dfd5f1b0,447742698172,2026-01-13 07:04:06.000,FOI,SVC_001,DELIVERED
e8afda8e-e93f-4017-bbed-85d7b32e4b53,447749465357,2026-01-13 10:37:51.000,CPN,SVC_002,DELIVERED
b86a13ff-1b4c-4715-a6ea-5bd28dacd068,447754531164,2026-01-13 10:52:18.000,DWA,SVC_001,DELIVERED
3fe1c751-3cce-4c1c-831b-c0e991c37f33,447750992147,2026-01-13 11:24:31.000,JXKN,SVC_005,DELIVERED
ee72a69f-4fa5-4daa-855b-89b87f704b3e,447717579803,2026-01-13 11:58:30.000,ZQA,SVC_001,SMSC_QUEUED
cff2023d-a1bd-43cf-bd37-ec01f872f63c,447701017320,2026-01-13 12:37:01.000,RPO,SVC_001,DELIVERED
f4d96c2a-d887-4743-a989-bd2ddd2406a5,447717054525,2026-01-13 12:57:00.000,SSO,SVC_002,DELIVERED
09214a2e-102f-44ac-9224-6d5ab3e8c88b,447715673154,2026-01-13 13:50:49.000,GZB,SVC_001,FAILED
82f06fd0-82ff-4845-94d4-5419e2c7298f,447724143640,2026-01-13 15:21:49.000,EGP,SVC_002,DELIVERED
bcfd0633-2010-4ff2-b95d-56ada513cf1c,447764100114,2026-01-13 15:33:36.000,MXU,SVC_002,DELIVERED
094ce70b-965e-45f3-8b20-127b11212770,447707882822,2026-01-13 16:05:36.000,ZQQ,SVC_001,SMSC_QUEUED
09e0adef-adc7-4fe5-9ac3-94debbb5156b,447772768446,2026-01-13 16:18:05.000,MLD,SVC_002,DELIVERED
552c0108-4390-48b8-8cc8-966c831350df,447784622117,2026-01-13 17:46:53.000,XYD,SVC_002,SMSC_QUEUED
5847808a-f1a0-466b-9d99-a634d9937374,447767963036,2026-01-13 21:02:03.000,PHO,SVC_002,FAILED
74491404-7e85-4e8b-a3a7-8ff9bff9e2b2,447790092878,2026-01-13 21:59:21.000,BLX,SVC_002,SMSC_QUEUED
0c40d3ca-513e-495a-b2a4-898042d43787,447737301440,2026-01-13 23:19:04.000,RRQ,SVC_001,DELIVERED
296eef01-fa72-467e-a0b4-e1548381a742,447728215119,2026-01-13 23:48:12.000,QCY,SVC_002,DELIVERED
3637a1af-9b9c-4c27-8e95-c1780e80c2e5,447704710087,2026-01-14 02:44:11.000,XOJK,SVC_004,FAILED
30514434-8a20-47d3-b35d-c3c11c9d4a6f,447701898116,2026-01-14 02:52:47.000,XUL,SVC_001,DELIVERED
e6df176f-a7bb-4e6f-9045-6a9e745f50ef,447703327768,2026-01-14 04:37:07.000,XCL,SVC_001,FAILED
3425f0a2-2353-456f-b48d-a0b814b779a0,447712957382,2026-01-14 06:24:18.000,TNQ,SVC_001,DELIVERED
6d5905dd-b82c-4148-b440-f5edf0f2f3b1,447797277426,2026-01-14 06:42:01.000,YNV,SVC_001,SMSC_QUEUED
39f910f8-2a8b-4223-9571-fcf799a61317,447712779855,2026-01-14 06:46:07.000,HDT,SVC_001,DELIVERED
cd17e4a5-6f84-44e0-8573-c00b7c61ac28,447729385851,2026-01-14 07:33:16.000,YWN,SVC_002,DELIVERED
174e14a8-68be-40e0-95dd-1dc31bc538f5,447735669865,2026-01-14 07:53:03.000,YOL,SVC_001,SMSC_QUEUED
ecd4118d-52d4-4435-904b-0379748b67fe,447757134647,2026-01-14 09:05:02.000,JYO,SVC_002,SMSC_QUEUED
f3516222-e02a-47f2-9b0c-56a02eb5b305,447703509742,2026-01-14 11:18:09.000,IRV,SVC_002,SMSC_QUEUED
09eaac38-aa29-4b14-8594-750c74605069,447797229670,2026-01-14 12:06:44.000,KTR,SVC_001,DELIVERED
ad801994-1352-40d6-96c7-7edc863873e9,447756207876,2026-01-14 12:09:19.000,VJC,SVC_001,DELIVERED
0cacb256-75ff-4056-9d05-0160a4b5a715,447767386436,2026-01-14 16:44:37.000,DSK,SVC_001,DELIVERED
df2b353f-1616-427f-a996-7dd75f06b58c,447764071714,2026-01-14 17:08:05.000,BJS,SVC_001,DELIVERED
431b8ffd-ac75-4f58-8595-d9bc7455cdf5,447792943734,2026-01-14 18:30:26.000,XCP,SVC_002,DELIVERED
d5f3209b-a44b-4142-be48-71263bd7247c,447750899598,2026-01-14 18:31:49.000,JBX,SVC_001,SMSC_QUEUED
2baaa849-9f1d-4d6b-a068-7ad7c5024817,447759726008,2026-01-14 18:50:44.000,GMR,SVC_001,DELIVERED
cefc9252-93a6-4d68-9bd8-a47e533fe6dc,447708327299,2026-01-14 20:35:49.000,WRQ,SVC_001,DELIVERED
fcbf5e27-5dc8-4af5-936c-77962543b913,447706013946,2026-01-14 21:51:40.000,HBP,SVC_002,DELIVERED
dad00f11-df8c-4999-8ec7-cdc27ebbe96d,447777218436,2026-01-14 22:46:07.000,OSY,SVC_002,DELIVERED
52eb72ad-3149-425b-8aa2-ed9d82c1bde1,447746996204,2026-01-14 23:21:18.000,ALI,SVC_001,DELIVERED
7d86f9e5-1595-4c3e-bfa2-03cf9a15ea2f,447718987473,2026-01-15 00:49:51.000,XKBC,SVC_002,FAILED
743f3cf8-52bb-4daa-9ce9-ad312f4e411c,447796569464,2026-01-15 04:39:04.000,UGK,SVC_002,DELIVERED
82551ad2-97c1-4862-8ce4-eef4c967077c,447764843143,2026-01-15 05:54:27.000,ZKD,SVC_001,DELIVERED
7585a63a-83b9-4fbc-a566-3fdb51fed5e7,447789375752,2026-01-15 06:18:24.000,NPB,SVC_001,DELIVERED
9dd9e38b-a09f-4f6a-87e1-d76df8b95cc4,447718833128,2026-01-15 06:52:38.000,QBH,SVC_002,FAILED
aa87526c-f9fc-4450-b58e-1e376fafe342,447734845220,2026-01-15 09:18:13.000,VZW,SVC_001,DELIVERED
97d50224-c44b-4a51-a142-18863bfb5047,447789376509,2026-01-15 09:47:46.000,KGM,SVC_002,DELIVERED
ebd51bf4-7ca6-499a-8235-7b907a784292,447728023518,2026-01-15 11:51:06.000,XIZ,SVC_001,DELIVERED
2e59043a-3d20-452d-af27-f9c7d4996cdf,447740762175,2026-01-15 13:08:06.000,IVA,SVC_001,SMSC_QUEUED
4a8c30f1-ffe8-4ab5-8752-77438a9ed07d,447763485847,2026-01-15 14:53:42.000,VMWY,SVC_002,DELIVERED
3031263d-8684-4a7a-8851-d981ef639e2f,447789684711,2026-01-15 17:09:29.000,BNS,SVC_001,DELIVERED
a39e4e02-d895-4b92-9ba2-9366c3821bd6,447710774796,2026-01-15 23:09:15.000,UVQ,SVC_002,FAILED
9f189257-d2ca-4935-8e8a-9f002ce2ae49,447722184642,2026-01-16 00:01:09.000,QYO,SVC_001,FAILED
83e1a249-4f9e-4aa2-99e2-472e17d85bb5,447750728925,2026-01-16 00:36:29.000,RQX,SVC_001,DELIVERED
baa80dfa-f88c-477f-88b2-35707b8784fd,447776864710,2026-01-16 01:36:02.000,INO,SVC_002,DELIVERED
ef3d4a30-5cf3-44b3-a49d-9977239e455a,447750431518,2026-01-16 01:38:48.000,XCI,SVC_001,DELIVERED
12f9dec1-1475-402a-a864-11d628af39df,447725900966,2026-01-16 02:43:43.000,SJS,SVC_001,FAILED
c001007b-301b-4474-b325-73846cd96fd9,447789938134,2026-01-16 04:03:10.000,OKK,SVC_002,DELIVERED
470f652a-c8d8-4149-93e3-c23e70f3f536,447775038976,2026-01-16 04:22:47.000,KSD,SVC_002,DELIVERED
77de841a-406a-4f0a-973b-6b202eb4863c,447762262075,2026-01-16 05:14:07.000,PIP,SVC_001,DELIVERED
d52990c8-51bc-4542-a40e-aee743b24ddf,447723730171,2026-01-16 06:14:38.000,OUH,SVC_001,DELIVERED
491b5202-d717-4cec-a05f-c9f54c88925b,447773630711,2026-01-16 07:03:14.000,HQJHW,SVC_005,DELIVERED
a91952a4-6ad8-4766-8e6c-97a5382d3539,447713087136,2026-01-16 08:50:02.000,GBX,SVC_001,FAILED
9263c231-fa20-4d64-8f75-944c9b0d2b11,447744006022,2026-01-16 09:55:56.000,UIL,SVC_002,SMSC_QUEUED
bbbaa009-9f41-4f85-96ee-0a32a38fca03,447710834542,2026-01-16 11:12:45.000,MLN,SVC_002,SMSC_QUEUED
e62c7e5f-4897-40c6-845f-804335f7fbc7,447727758869,2026-01-16 14:25:43.000,GKJ,SVC_001,DELIVERED
af375055-381d-40e8-a450-1f28dfd3aad9,447787225719,2026-01-16 14:51:00.000,HCQ,SVC_001,DELIVERED
92b07473-783e-4447-9193-c782ec2e1ca0,447780809333,2026-01-16 15:52:16.000,YLW,SVC_001,SMSC_QUEUED
d45497e2-8e23-470d-bf39-24ee7afb4705,447703120537,2026-01-16 16:07:49.000,DNNJD,SVC_001,SMSC_QUEUED
e18facf8-49b4-4623-a753-e39c2b830e19,447749324759,2026-01-16 17:30:14.000,MKT,SVC_002,DELIVERED
32735475-d1be-4a0b-a828-9d2505ef5faf,447702903906,2026-01-16 19:04:07.000,QZA,SVC_002,DELIVERED
dec9be55-fcb0-455f-bd3a-90044de6e1af,447764258162,2026-01-16 19:59:04.000,MMO,SVC_001,DELIVERED
3379b9f0-221a-4203-a38e-ce753c93c7b6,447725909109,2026-01-16 20:51:49.000,HDS,SVC_002,DELIVERED
b833c2af-948b-4694-8615-2ea15ea65fee,447793166977,2026-01-16 21:14:42.000,GEV,SVC_001,DELIVERED
5d5d87bd-3d79-49b8-b637-4d01dd8dc8ba,447758158474,2026-01-16 22:44:58.000,XSBOH,SVC_004,DELIVERED
036b81b3-7f98-41b4-ad16-cffd094a80d9,447750261344,2026-01-16 23:16:37.000,JVE,SVC_001,DELIVERED
54336f32-c2e9-49f7-ac05-42c07bd4fbfb,447798240415,2026-01-16 23:16:42.000,KTB,SVC_001,DELIVERED
8be81d24-3199-4116-86d8-7aac343758d8,447796657038,2026-01-17 01:33:43.000,XJDK,SVC_001,FAILED
2003a03a-87d7-4917-812b-0d2a910f665d,447722692102,2026-01-17 01:53:38.000,JTY,SVC_002,DELIVERED
b5e56c7a-71a8-4c93-8f8a-9a807b3b67f1,447723954413,2026-01-17 03:29:19.000,JDVBA,SVC_003,FAILED
5960cb14-e80c-4781-a15d-11825fc54406,447752618600,2026-01-17 04:57:47.000,WVB,SVC_002,SMSC_QUEUED
93d4a661-bae5-4df5-8164-16c6e2f38c15,447770854964,2026-01-17 05:23:55.000,YES,SVC_001,SMSC_QUEUED
ab921e3b-c0c1-4e5d-84ca-a8103b5972ca,447787566891,2026-01-17 06:59:05.000,ZRQ,SVC_002,DELIVERED
abe44170-8984-4582-818d-9a99558c8306,447784373545,2026-01-17 07:08:45.000,ZLX,SVC_002,FAILED
60049508-685e-42cf-b876-8ccf70dec823,447790073806,2026-01-17 07:25:00.000,TGH,SVC_001,SMSC_QUEUED
cd535d73-f471-4138-ade8-7b38c4660a8f,447727734093,2026-01-17 07:48:54.000,REE,SVC_002,SMSC_QUEUED
c91aafd2-35c2-43c6-95f8-21ee20a991f0,447768669889,2026-01-17 09:41:49.000,VXJ,SVC_002,DELIVERED
0ef5c31d-9dfe-4e35-8d81-c8b6fb56006d,447799326787,2026-01-17 10:46:42.000,ZZI,SVC_002,FAILED
6339b0a4-b0c1-4025-942e-bc3d3d573564,447710280698,2026-01-17 11:13:19.000,NDQ,SVC_002,DELIVERED
d8557804-3a09-4a1d-ade7-82087aee7aa3,447766854710,2026-01-17 14:16:07.000,AVYT,SVC_003,DELIVERED
4393ae17-a596-4044-84ae-069a4034f575,447768098313,2026-01-17 14:44:17.000,CBW,SVC_002,DELIVERED
86c99c7b-79b8-42e1-b3fd-fe20422b8734,447725265595,2026-01-17 15:26:06.000,XYG,SVC_002,DELIVERED
207f5d0d-4a32-4a04-af55-6a640d232e88,447768472598,2026-01-17 16:40:05.000,SOA,SVC_001,DELIVERED
063ce7f3-d962-4029-b337-ac433ccf143d,447776952730,2026-01-17 16:42:41.000,XYTSC,SVC_002,DELIVERED
4aea43ce-9851-4718-95bf-e7d53b4c679f,447756742673,2026-01-17 16:55:36.000,RMQ,SVC_002,SMSC_QUEUED
356460e6-8842-444b-ac5f-4813b7828948,447773229298,2026-01-17 20:44:20.000,TUO,SVC_001,DELIVERED
71192432-46cb-44a2-8252-b8608293cdb8,447786476287,2026-01-17 21:25:30.000,ZNU,SVC_001,SMSC_QUEUED
e5d2072c-4e4f-480d-86e7-dad86c548a08,447733305488,2026-01-17 22:31:30.000,MSV,SVC_001,FAILED
973cf8e7-d678-4744-b24a-e6c34e176fa2,447701123267,2026-01-17 23:50:07.000,HLD,SVC_001,DELIVERED
fef1a38f-2a4d-4fcd-96ec-1c68e56e8518,447765226818,2026-01-18 00:25:38.000,GVW,SVC_001,SMSC_QUEUED
3b6172b7-39e2-4610-aaf4-0a61c654d175,447761374758,2026-01-18 01:03:01.000,GXV,SVC_002,DELIVERED
698948e2-2cc9-4852-9a59-545825437620,447723943052,2026-01-18 02:26:52.000,FLN,SVC_001,DELIVERED
44231310-4b55-4d5a-b814-c256e21cd8d7,447765705196,2026-01-18 02:46:46.000,ODOXZ,SVC_004,FAILED
0d8d1fdf-1813-42bb-8a32-c16efb667e15,447721274442,2026-01-18 04:32:28.000,OCZ,SVC_001,FAILED
fb92af1a-e8d3-4d1e-a587-d90bed6431d4,447736479321,2026-01-18 07:02:19.000,NNB,SVC_002,DELIVERED
b0b0440b-adaa-4927-849c-9afa0ce8b154,447792125856,2026-01-18 07:50:51.000,OFD,SVC_002,SMSC_QUEUED
aae80e95-0c66-4f6d-b78d-d433a780f47b,447777418475,2026-01-18 08:10:34.000,VAF,SVC_002,DELIVERED
76124a7c-993a-401b-b0e4-48fe7dc1c21a,447734312377,2026-01-18 09:17:22.000,ARK,SVC_002,FAILED
e652bd30-ad18-4b18-8edb-109913c01395,447751924279,2026-01-18 13:45:30.000,PTU,SVC_002,DELIVERED
134f4b31-dbe5-4faf-9d2d-54ce42381134,447798990699,2026-01-18 14:23:20.000,MLRBR,SVC_001,FAILED
4677d688-f2ad-4edf-b790-24e99ff9361f,447725531868,2026-01-18 14:26:46.000,IRC,SVC_002,DELIVERED
655528b0-89f3-48c9-a3df-ceaddafaeba2,447747927047,2026-01-18 15:33:18.000,TXA,SVC_002,SMSC_QUEUED
461e3b8f-e699-4d0e-b6af-e3e694580eb8,447796693263,2026-01-18 16:29:48.000,VYY,SVC_002,FAILED
8593e4f2-2713-4475-b7a3-a999fc3d3582,447736396853,2026-01-18 17:15:21.000,JVI,SVC_002,DELIVERED
4fef8240-8cd1-471e-baa1-216c8ccb38e9,447737207093,2026-01-18 17:18:17.000,BLX,SVC_001,DELIVERED
cc5268a5-8c6e-41d9-a1a7-ee6118fef87a,447725270325,2026-01-18 18:18:20.000,KCA,SVC_001,SMSC_QUEUED
c0ee8f0c-5bae-4c7c-95ea-8af6565c5b79,447755640710,2026-01-18 19:40:58.000,SXLY,SVC_003,FAILED
f18a334b-1e9c-43a7-ae64-b4842ce7b2ea,447725509310,2026-01-18 19:58:35.000,KJW,SVC_001,DELIVERED
cff98f8b-123e-4661-a32d-269c9698f4f4,447707812261,2026-01-18 20:04:30.000,CVZ,SVC_002,DELIVERED
aa0a2678-2a67-4204-a492-8cd75b9d6a08,447748232932,2026-01-18 20:27:17.000,ZAL,SVC_002,FAILED
694c079b-cb27-4e18-8945-9b4301049549,447794452843,2026-01-18 20:30:51.000,GQB,SVC_002,DELIVERED
e0f9c458-9daa-42e2-b99d-3dec70950ace,447789580499,2026-01-18 22:34:23.000,KFO,SVC_002,DELIVERED
3f34284e-018e-460f-aedb-4b65c7cc19c8,447763162100,2026-01-18 23:08:49.000,KLA,SVC_002,DELIVERED
e4304fda-7b69-4284-b76b-ae821a42807e,447715617575,2026-01-19 00:16:49.000,OON,SVC_001,DELIVERED
2d7234d6-3ab7-4135-b46c-5eba2ab38204,447785961408,2026-01-19 03:16:07.000,JPE,SVC_001,DELIVERED
89562fa3-d10a-4c27-aef1-45ee7154bf14,447769930216,2026-01-19 04:16:00.000,DWT,SVC_001,DELIVERED
48c9ed5a-2bf8-41bc-a77b-477062b0940d,447778821203,2026-01-19 05:25:55.000,LZN,SVC_001,SMSC_QUEUED
b17898ff-58b6-4d0a-a35f-f2f5b22e59d2,447738749076,2026-01-19 07:03:14.000,OAY,SVC_001,DELIVERED
692c4296-f09b-4691-ae14-fc73becec269,447771683204,2026-01-19 07:04:56.000,JDB,SVC_002,DELIVERED
d38edfa3-fc83-48b9-a18e-febd6251d276,447796623827,2026-01-19 07:43:38.000,LLS,SVC_001,SMSC_QUEUED
f396f8fa-8cb5-4b1b-ae7c-b7d8d4bcbf0b,447738147485,2026-01-19 08:27:39.000,TMK,SVC_002,DELIVERED
fa96eb9a-be70-4604-b8d1-35ed463be53f,447717445936,2026-01-19 10:20:21.000,QDC,SVC_002,DELIVERED
8cf86720-ccdd-41b2-a2f1-a7782932a82a,447780316812,2026-01-19 11:00:08.000,PYL,SVC_001,SMSC_QUEUED
a9a5bfd0-a0c1-42c0-baa9-3a6a5d888efa,447768076267,2026-01-19 11:06:11.000,EPM,SVC_002,DELIVERED
faa8fc7a-4422-4170-97a4-f2d501998ea7,447787019190,2026-01-19 11:19:23.000,PLV,SVC_002,SMSC_QUEUED
6d4aa3c7-5ec6-411b-8523-17f6404906a2,447782654322,2026-01-19 12:40:35.000,SJX,SVC_002,SMSC_QUEUED
51cd5e71-ca32-4caf-a8da-05d0658c7853,447756878259,2026-01-19 14:22:06.000,VBL,SVC_002,DELIVERED
dae2b14c-54f9-47b7-afbb-1cd41eb00258,447700870778,2026-01-19 15:37:06.000,WMA,SVC_002,DELIVERED
d5c8c58b-36ee-4b6a-a0f5-870ef481751c,447745263450,2026-01-19 16:22:16.000,FSI,SVC_001,SMSC_QUEUED
58bf15b8-3945-4df7-858e-0f0f9604241d,447727729321,2026-01-19 17:54:41.000,YLF,SVC_002,DELIVERED
2510281f-7419-407f-9b67-c0f6ecaeda86,447766492507,2026-01-19 19:11:00.000,FXGLX,SVC_001,DELIVERED
815250cd-fe17-42f5-96c4-11562aa1542f,447791843532,2026-01-19 20:16:47.000,YUJ,SVC_001,DELIVERED
30207398-b805-4cf0-8f37-f08eb93c0fcf,447793347147,2026-01-19 21:15:22.000,BUY,SVC_002,DELIVERED
139a0de4-6a52-4e0d-b7ab-bce923f69926,447747805752,2026-01-19 21:23:36.000,SYC,SVC_001,DELIVERED
e239048b-a42a-48ca-8c12-ae402289d336,447752508709,2026-01-19 21:42:48.000,JAE,SVC_002,FAILED
ec603b21-169c-4a66-af7b-5cb06d9897de,447769890073,2026-01-19 22:55:56.000,ILT,SVC_002,SMSC_QUEUED
fb2cd98f-2110-4ca4-8034-e67750d20cbf,447722712783,2026-01-19 23:49:14.000,LVD,SVC_002,DELIVERED
11428f33-e6e3-4869-8f1e-33b1678bb980,447794314890,2026-01-20 01:43:14.000,ABL,SVC_002,FAILED
34497f22-2d4e-4e06-9875-2f94fbc2fff3,447763040337,2026-01-20 02:09:35.000,RAM,SVC_001,DELIVERED
140189a6-943d-4635-ad6f-6ccd9b674cb2,447717583157,2026-01-20 03:01:44.000,SVLAS,SVC_005,FAILED
9a5fefce-cbfd-43c2-b2d0-d80e0ec2e158,447704293418,2026-01-20 04:54:58.000,UOI,SVC_001,DELIVERED
0649d758-11bd-4cc4-8b53-aad516968ad9,447793549388,2026-01-20 04:56:58.000,FQU,SVC_001,DELIVERED
cf0b0cff-1b6d-43a3-81f4-89646330907a,447792370303,2026-01-20 05:56:45.000,MJML,SVC_002,DELIVERED
3dee317e-f583-4271-bae9-28ab9d406981,447768548059,2026-01-20 06:43:09.000,MPO,SVC_001,DELIVERED
cdb181eb-3e09-43c0-bba2-d6b7b346a6f6,447799738090,2026-01-20 07:05:43.000,WIP,SVC_001,DELIVERED
7155ea36-e6d5-42eb-b170-57f7ad091b66,447773245363,2026-01-20 08:47:49.000,YTK,SVC_002,DELIVERED
bd47e3e5-11cf-4dd7-b3cb-a2289d316ebc,447714505213,2026-01-20 09:57:18.000,CXS,SVC_002,DELIVERED
5356d9c4-8717-4bcc-9571-59728ea3ae1d,447713857676,2026-01-20 11:11:12.000,OPF,SVC_002,SMSC_QUEUED
a9ab337c-1ac6-47bc-baa2-b932c4fb9e8f,447792431235,2026-01-20 11:13:01.000,AID,SVC_002,FAILED
b639ac51-9d6a-497f-951c-321654bcab80,447775209599,2026-01-20 14:44:56.000,WGW,SVC_002,SMSC_QUEUED
7e379160-f867-40da-97df-0568bc514331,447736251605,2026-01-20 14:57:08.000,KBW,SVC_002,DELIVERED
c1299101-b272-4822-9c5b-a1ed75d7e808,447759954314,2026-01-20 15:15:25.000,OZZ,SVC_002,SMSC_QUEUED
7ffb5277-8d6c-4748-b460-80be96f6ee76,447753941303,2026-01-20 15:30:00.000,YNO,SVC_002,DELIVERED
bbf2e746-5f9c-450a-8183-5f9997e3fe5b,447763419852,2026-01-20 15:45:55.000,XZH,SVC_002,FAILED
cca8c3df-7b3d-475b-98e1-4ea305263b0f,447714904038,2026-01-20 16:42:30.000,LHB,SVC_002,DELIVERED
416ca672-51f1-44f1-8003-3cfee19bb841,447790493663,2026-01-20 17:38:14.000,POI,SVC_001,SMSC_QUEUED
9f23d476-f0bd-4a57-8658-a34b5f6cffc3,447703470746,2026-01-20 18:35:56.000,SRP,SVC_001,DELIVERED
06525f74-64a7-40cd-985f-691832d20338,447756902635,2026-01-20 19:06:39.000,CCC,SVC_001,DELIVERED
9b16c5b6-fa37-47a1-8a14-60d5f0f18eda,447797176760,2026-01-20 19:30:35.000,NKP,SVC_001,DELIVERED
864da94d-6a59-4bc9-9dc4-ba4a31ccb6a7,447729450832,2026-01-20 20:03:51.000,AIH,SVC_001,DELIVERED
8d3b9185-5ccb-47eb-a2de-5751f85deebf,447736386188,2026-01-20 22:24:51.000,IXG,SVC_002,SMSC_QUEUED
3fb66dbb-342d-4f21-8c69-50d76a319f90,447772546496,2026-01-20 23:23:16.000,RZX,SVC_002,DELIVERED
d05a9a38-15db-4f3f-82e5-e3a42783bafc,447752989126,2026-01-20 23:23:26.000,DLI,SVC_001,DELIVERED
725633c8-f8c4-42c7-9b26-994a974f6685,447775629018,2026-01-20 23:42:04.000,XJZ,SVC_002,SMSC_QUEUED
7ca3ed25-0e86-45d5-be5f-cf7c9508f35c,447717125678,2026-01-21 01:29:15.000,CCF,SVC_001,FAILED
05492535-ccc4-450b-9522-3f18eb1b529e,447745538740,2026-01-21 01:41:02.000,YXJ,SVC_002,FAILED
7f758185-cf84-42de-b233-e9ed562945a9,447702089250,2026-01-21 02:05:39.000,XIL,SVC_001,DELIVERED
afeeeeb1-9dca-4886-b4e7-20e42f729805,447720575553,2026-01-21 03:19:46.000,WJDH,SVC_004,SMSC_QUEUED
6bf57872-9a0d-4a3d-bfa4-1eea2ac1f585,447791951650,2026-01-21 04:38:41.000,YMT,SVC_001,DELIVERED
c9019fd9-f5e2-4ea0-b561-2f9cd60f8de5,447708489636,2026-01-21 05:47:39.000,VFLA,SVC_005,FAILED
ec5c408e-509a-409d-a8d3-a0093765a2ec,447769533101,2026-01-21 06:42:11.000,EDP,SVC_002,DELIVERED
b2229cf8-e72c-4c7f-ad78-135ebb4b55af,447709271511,2026-01-21 07:08:25.000,YSP,SVC_002,SMSC_QUEUED
cdd05169-c4fe-45b1-b5db-b147cd00765f,447788518660,2026-01-21 07:25:27.000,QXR,SVC_002,FAILED
24b97a3d-4729-4d8c-aad6-187bba4a1a76,447787369855,2026-01-21 09:23:24.000,YEKK,SVC_001,DELIVERED
04071463-93fa-42ed-a981-3f3ff7725571,447790349914,2026-01-21 11:01:19.000,BPZ,SVC_001,FAILED
3b2e6dff-162a-4fdf-94a6-8652e43e7399,447794501433,2026-01-21 11:29:46.000,BOQ,SVC_002,FAILED
b8615751-ca5b-48d9-899e-3aad04cf4006,447780168162,2026-01-21 11:59:56.000,YZI,SVC_002,DELIVERED
ee0d6442-0157-40ec-ba6b-6b0014ade116,447780424729,2026-01-21 13:21:31.000,TGJ,SVC_001,DELIVERED
872e0a96-7800-45eb-9dd1-afb497bf53fa,447714512418,2026-01-21 13:50:36.000,OBK,SVC_002,FAILED
7e096c7a-af0d-4f94-933a-88db613ddc99,447731477520,2026-01-21 14:01:04.000,BZO,SVC_001,FAILED
9db4c73e-a6c3-4601-81bd-bf51caa3f8dd,447737644742,2026-01-21 14:06:06.000,MBS,SVC_002,DELIVERED
ace2f298-e9ec-4153-a637-2a92bc783ba6,447706526498,2026-01-21 15:52:32.000,FIFV,SVC_002,DELIVERED
965a9756-aab4-49fb-9acd-103c06b54aaf,447791254776,2026-01-21 16:11:27.000,SYR,SVC_002,DELIVERED
777375a4-3276-446c-ac21-73a84142695a,447703774211,2026-01-21 16:56:04.000,IOKL,SVC_002,DELIVERED
9d3a51ea-d6dd-4d43-9d88-e0d222c8c397,447764666023,2026-01-21 17:25:53.000,WAK,SVC_001,DELIVERED
dfa5daf8-3f15-4581-baf7-7add61a4b9ad,447755186005,2026-01-21 17:46:26.000,JWE,SVC_001,SMSC_QUEUED
c999bdff-e23e-4b51-896d-01d732810477,447719400828,2026-01-21 18:07:47.000,AEJ,SVC_002,FAILED
e85b30f8-954f-4095-acb3-6f53779cfe3e,447740954042,2026-01-21 18:34:09.000,DKH,SVC_001,DELIVERED
76b402d0-edb1-497d-a06c-0cb65dc601b0,447734520764,2026-01-21 18:39:30.000,ODIZ,SVC_005,SMSC_QUEUED
21f34ddc-8fac-476f-96fe-e86f36fde7a8,447769876654,2026-01-21 19:28:16.000,NEB,SVC_002,SMSC_QUEUED
4c94648d-2518-491a-bfaf-655f91d2e6e2,447701545022,2026-01-21 19:37:05.000,ROU,SVC_001,SMSC_QUEUED
d75c8411-51d1-44fb-847a-80da9193491d,447724290820,2026-01-21 21:49:58.000,XKR,SVC_001,DELIVERED
1b2fe010-31bf-46be-8693-e3f2bf99c3d6,447788828686,2026-01-21 22:35:04.000,XNG,SVC_001,DELIVERED
41a82e34-b7fa-443c-a213-5c1c22189d2e,447798734270,2026-01-21 22:40:04.000,GQY,SVC_002,DELIVERED
38f5d923-4282-46be-b74e-05f2ad153761,447788507337,2026-01-22 02:11:28.000,ZLW,SVC_002,DELIVERED
ff518eda-d234-4e8a-a30a-cf8463543b09,447723906584,2026-01-22 03:22:31.000,LEB,SVC_001,SMSC_QUEUED
6814c131-6430-482f-b175-8a595214fe93,447704273819,2026-01-22 04:18:57.000,ASL,SVC_001,SMSC_QUEUED
89bf16da-965a-4731-b404-013f65292e2c,447742482171,2026-01-22 07:10:46.000,XSD,SVC_002,DELIVERED
32d8f6ba-5c9c-483b-891b-a274854cd6fc,447731366735,2026-01-22 08:40:57.000,CUV,SVC_001,DELIVERED
126ccd18-024f-4357-acd1-41ba31fb96f2,447762506415,2026-01-22 10:27:08.000,YNBGX,SVC_004,SMSC_QUEUED
ffb199ae-5c3c-4504-a2b8-192977508a06,447723595937,2026-01-22 11:10:10.000,SOE,SVC_002,FAILED
03f0de67-c92a-4704-b830-1a83df0a70e4,447711525740,2026-01-22 12:18:17.000,SEQ,SVC_002,SMSC_QUEUED
a4c916a2-5e34-40d9-b758-94889c395a17,447791213440,2026-01-22 14:01:15.000,SEJ,SVC_002,DELIVERED
ebec2b5b-ddfe-4db1-a333-5ef61dd0be09,447723799074,2026-01-22 14:17:46.000,AJC,SVC_001,FAILED
207b9dbf-3238-45c1-a3ef-63f5ec4c719f,447787500673,2026-01-22 15:03:33.000,UNF,SVC_001,DELIVERED
1bc8c44b-0d6d-45d7-8d68-f83bf738d2a3,447731783999,2026-01-22 15:05:16.000,IOS,SVC_001,SMSC_QUEUED
5e7ca543-2b21-4ca9-aef7-d41350bffde2,447702262531,2026-01-22 19:16:32.000,SCO,SVC_001,DELIVERED
9781edd3-606e-42e3-b3f5-8a8b33b04205,447782688946,2026-01-22 20:24:54.000,STU,SVC_001,SMSC_QUEUED
8d23536d-a326-4fa6-82a2-3e2c996e1984,447776819219,2026-01-22 20:42:41.000,MTS,SVC_002,SMSC_QUEUED
a16fc86a-ad03-4073-adce-0291cc506263,447758896645,2026-01-22 21:28:23.000,NIW,SVC_002,DELIVERED
65aab292-98c7-4b41-8c67-c6fa24f68388,447705092026,2026-01-22 21:42:05.000,BCN,SVC_001,SMSC_QUEUED
aeb16e78-b2ea-4daa-8f49-2207f6a78824,447740238512,2026-01-23 01:28:12.000,OPN,SVC_002,DELIVERED
8625c70b-804b-497e-b0ed-f50ca2221037,447733842501,2026-01-23 02:15:07.000,KUMA,SVC_005,SMSC_QUEUED
01d3ec1c-b331-4222-99b4-8ffb193460ac,447713557998,2026-01-23 02:52:12.000,RTY,SVC_001,DELIVERED
9d376af9-9564-43f2-8d68-98efa6bdd16f,447707346660,2026-01-23 04:04:45.000,NCK,SVC_001,DELIVERED
c7c5edae-0ed5-4c62-885c-d411c3c61b92,447751285210,2026-01-23 04:43:24.000,DQA,SVC_001,DELIVERED
0aa68259-8a7d-4857-b38c-6f9e9f32061d,447716625932,2026-01-23 05:11:36.000,QZH,SVC_002,DELIVERED
c1edf84a-141f-4b57-8b2b-282f5150ab2e,447715125081,2026-01-23 06:13:32.000,SFD,SVC_001,DELIVERED
f001a7cd-b48c-4a8e-a75a-86bc60125670,447708285739,2026-01-23 08:25:05.000,WGS,SVC_001,DELIVERED
67682ee0-0bb4-44be-8bdd-4aba719a176f,447726132262,2026-01-23 08:28:11.000,XTN,SVC_002,FAILED
b3099a16-6567-4dc1-a1b1-e6fe8ae435d7,447729163621,2026-01-23 08:43:22.000,IBG,SVC_001,DELIVERED
b24655dd-fa7f-45d1-8565-5747df891af9,447742237620,2026-01-23 09:38:17.000,UGV,SVC_002,FAILED
22d77f81-1b31-4e6d-8dcb-1cf3cacebf5b,447766425657,2026-01-23 11:34:05.000,QZC,SVC_002,DELIVERED
77c3a1de-8e8f-42a4-9797-cbcf8c619243,447713404931,2026-01-23 12:06:56.000,WRT,SVC_001,SMSC_QUEUED
117ffc64-3941-4ef5-8c8b-b65f77cf602e,447707033927,2026-01-23 13:39:53.000,AGZ,SVC_001,SMSC_QUEUED
2a80c3d1-7515-455f-936f-60c4c08a5e9d,447730019721,2026-01-23 15:02:48.000,VBK,SVC_001,SMSC_QUEUED
1c350688-012d-46a5-bc94-389288784a81,447771989336,2026-01-23 15:59:10.000,ONWB,SVC_005,DELIVERED
90588e1d-c7f7-42a5-80a3-66159b622379,447767431786,2026-01-23 18:24:32.000,KAB,SVC_001,DELIVERED
6a047b93-3f39-4fa4-9653-8e34dcb73124,447700554038,2026-01-23 21:34:44.000,LQDG,SVC_003,FAILED
c4a62a60-4814-4565-bf18-f884aeb56851,447787638596,2026-01-23 21:57:29.000,HAZ,SVC_001,FAILED
c11e7a75-bf78-4e81-bae7-c5dbf33316c9,447702962304,2026-01-23 22:06:50.000,NOGZ,SVC_005,FAILED
cbecf1a1-27ee-4b7b-8859-4fe0c61353ad,447773717677,2026-01-23 23:30:31.000,VQRBL,SVC_003,DELIVERED
8f427fc0-1973-45b9-b147-3ba2692c8b9e,447783864429,2026-01-24 00:01:17.000,DHD,SVC_002,FAILED
a3259977-4c69-4d12-a388-496f9e8e810a,447711635506,2026-01-24 00:25:38.000,URX,SVC_001,DELIVERED
644aef2e-a756-4ebb-a6b7-81783648a1b5,447779804098,2026-01-24 01:00:44.000,IRS,SVC_002,SMSC_QUEUED
61071649-4842-406a-9cc5-8ba003ee9015,447711390263,2026-01-24 01:35:58.000,NIOCJ,SVC_004,DELIVERED
e76acf07-9d34-4728-b013-a15dcaffe876,447786843268,2026-01-24 02:04:59.000,ULGFC,SVC_001,SMSC_QUEUED
48696da7-1f3c-4cc2-8bb6-1fd87127eb7d,447737092158,2026-01-24 02:21:25.000,YPR,SVC_002,SMSC_QUEUED
7adda63b-7cc5-46f8-9325-f2d6a38b49eb,447745311289,2026-01-24 03:07:55.000,JTRY,SVC_003,DELIVERED
60e1e432-1511-498e-a7e3-b969169f1b02,447758385856,2026-01-24 03:16:30.000,TYD,SVC_002,SMSC_QUEUED
39aeb32a-47ac-4927-a34e-3be80e79a1d1,447714721832,2026-01-24 04:03:01.000,PRG,SVC_001,FAILED
0d26e720-277c-4281-8a06-16c783ac9a72,447790498310,2026-01-24 04:16:05.000,OUX,SVC_002,FAILED
b02246ca-e991-4a1b-a540-8166907bc789,447754550373,2026-01-24 05:27:06.000,XRJ,SVC_002,DELIVERED
f9b6c5b0-1b55-4257-8a19-5bf244bf56e3,447786926227,2026-01-24 06:45:46.000,FGF,SVC_002,DELIVERED
cd7ad7c9-262c-4c4b-a7df-f911f80d7105,447728514900,2026-01-24 07:25:43.000,OCEX,SVC_001,DELIVERED
4803136c-6222-4baa-9658-7f9fc1ef5092,447794695537,2026-01-24 09:53:52.000,AZG,SVC_001,DELIVERED
f1782182-a8a3-45c2-83e3-b5b9b85f22c4,447719473281,2026-01-24 10:20:40.000,MSX,SVC_001,DELIVERED
5da4f493-7d88-4101-9416-f842c47ca463,447706895133,2026-01-24 11:03:41.000,YJG,SVC_002,SMSC_QUEUED
e2c61b85-f932-4426-a994-e622c771826c,447792296475,2026-01-24 11:34:24.000,YPN,SVC_001,SMSC_QUEUED
ada04dc3-e8f7-44cf-a929-4bfaae1a6913,447759683559,2026-01-24 13:33:44.000,EHA,SVC_001,FAILED
ffdc2126-304d-4d44-9ca7-7018e3fcbba0,447743347098,2026-01-24 14:34:10.000,XHHUI,SVC_003,DELIVERED
bf72f69d-7f62-4737-be7b-d5ad05566ee2,447762265873,2026-01-24 15:04:00.000,XOY,SVC_002,SMSC_QUEUED
da267a35-4e2f-49d6-9369-1a8ecfbe61c9,447746728659,2026-01-24 16:20:31.000,LZD,SVC_001,FAILED
02b6bea6-4b6c-4d19-9387-b059e84c9bf7,447727130963,2026-01-24 16:38:30.000,UPD,SVC_002,DELIVERED
0f77f994-880e-4e53-8d3f-f6c1c1061268,447705839650,2026-01-24 17:47:54.000,YQP,SVC_002,DELIVERED
054e99ab-a14a-418b-9afc-6083f152cf04,447774644818,2026-01-24 17:56:09.000,UEK,SVC_001,DELIVERED
c98c5f14-1556-41f5-a624-23102dc0c3a0,447773966994,2026-01-24 18:15:56.000,HII,SVC_001,SMSC_QUEUED
ec9eb49e-7ce8-4a9a-ba65-3b0d46283102,447772895623,2026-01-24 22:26:21.000,EJZ,SVC_002,SMSC_QUEUED
01f0207a-7829-49a0-9ff6-13409d03abe8,447701877931,2026-01-24 22:58:00.000,TEX,SVC_002,DELIVERED
75883050-ce0e-4ec3-a84a-883f3ab28741,447742689553,2026-01-25 00:30:16.000,JHGSN,SVC_001,SMSC_QUEUED
a0949554-a55f-475d-aa75-b5c869357f0c,447769776227,2026-01-25 00:39:37.000,XMC,SVC_002,SMSC_QUEUED
872ee6fe-93b8-4f81-9de0-dcd4a16a4346,447713459058,2026-01-25 01:08:25.000,QEQ,SVC_002,DELIVERED
f988dbbd-f6eb-4f20-9ab8-79378d158a25,447722275204,2026-01-25 01:13:22.000,RRK,SVC_002,DELIVERED
d2fb2c75-5a8a-4415-b4b3-b56d388dfa37,447715438393,2026-01-25 02:39:23.000,WVF,SVC_002,DELIVERED
7a877f47-3ee6-4ad1-acaa-b27438428d76,447738979216,2026-01-25 02:45:29.000,MDL,SVC_002,DELIVERED
f588b512-3520-4884-899b-de2e7871b276,447798475435,2026-01-25 04:03:41.000,EJNR,SVC_002,DELIVERED
d93caf72-de75-4ce6-adbf-13aa0f479767,447773724294,2026-01-25 04:42:48.000,QJD,SVC_002,DELIVERED
93ba2083-d46e-40b4-8061-560ea7741347,447740414876,2026-01-25 06:35:13.000,ADW,SVC_001,DELIVERED
3f8d927b-3978-4be0-9b0e-978fe1613b29,447764926178,2026-01-25 06:59:37.000,SBE,SVC_002,DELIVERED
28bbe3ca-b5d9-4099-afe7-92738a1f5e81,447775617480,2026-01-25 08:52:14.000,RYD,SVC_001,DELIVERED
9d4d8566-8220-4b2a-af8b-435c02ec1aa0,447729905943,2026-01-25 08:53:09.000,PFO,SVC_002,DELIVERED
7e1ad0d3-e516-4352-8ccc-fd60eb6e1ade,447766486379,2026-01-25 10:51:43.000,HTQY,SVC_002,DELIVERED
85171653-f3ce-4a96-8b51-fe7a7eab9e3b,447739964035,2026-01-25 11:45:16.000,USM,SVC_002,SMSC_QUEUED
f365ba69-ef77-4684-a67e-35ffc83d75bf,447756035423,2026-01-25 12:02:23.000,XFF,SVC_002,DELIVERED
9053fcf7-fdad-49bc-acd8-a7dad49a8838,447728099720,2026-01-25 12:17:12.000,ISN,SVC_002,DELIVERED
94ad5c46-e082-4738-aae1-c501238f0be5,447767562734,2026-01-25 12:58:38.000,OQM,SVC_001,DELIVERED
c5749720-022f-4e36-bf7d-f74fbaad6526,447753699959,2026-01-25 14:26:47.000,ISZ,SVC_001,DELIVERED
9e691af6-17a0-49f5-8fff-27553459583e,447734657682,2026-01-25 15:27:34.000,DDS,SVC_001,DELIVERED
1d162d0b-551f-4e8b-a23a-d24bca461e08,447758668553,2026-01-25 16:01:58.000,LSE,SVC_002,DELIVERED
d5745d18-1478-4f65-bb85-1d203869dfc6,447734502489,2026-01-25 17:00:43.000,MSX,SVC_001,SMSC_QUEUED
07a8388c-5a17-4ae7-a334-326957c3773f,447794988445,2026-01-25 19:19:23.000,BEP,SVC_002,FAILED
ed16205a-81d8-4818-8871-719d5fc27049,447730158649,2026-01-25 21:30:24.000,UYRAD,SVC_001,DELIVERED
373dc802-cc16-4b59-ad6a-f8b94104d74b,447798246979,2026-01-25 22:34:03.000,WJC,SVC_002,FAILED
3f904396-2fa9-411e-892b-52cf3b56fb54,447779585279,2026-01-25 22:56:02.000,DKJ,SVC_002,DELIVERED
02366567-83b1-40c4-8965-c11dcf968327,447780878365,2026-01-26 02:18:34.000,YZF,SVC_001,DELIVERED
31cf6fb6-b4d3-4113-b9a7-bbc445fda7f6,447710226195,2026-01-26 02:19:33.000,RLITK,SVC_005,DELIVERED
b60b352b-9585-4523-87ac-94f2d93f7d90,447760763872,2026-01-26 04:09:34.000,ZMU,SVC_002,FAILED
8c63950a-b730-448b-8b43-cb74fc216926,447721173042,2026-01-26 04:26:26.000,OUDT,SVC_005,DELIVERED
db5e57f6-5b89-48b1-8505-ecd63a31b76d,447736223192,2026-01-26 06:05:04.000,GKF,SVC_002,FAILED
38f6c01b-042d-4a77-81d3-9555dfd8ff54,447731754793,2026-01-26 06:44:53.000,TDF,SVC_002,DELIVERED
258a81cd-47fc-4dba-9c0f-bcb95c3fa679,447761612440,2026-01-26 08:11:42.000,XNQ,SVC_002,FAILED
1329918e-7f87-43cb-beb1-3c3cab978387,447780485297,2026-01-26 08:25:31.000,PGE,SVC_001,SMSC_QUEUED
9bbd2ca9-291e-4286-aeac-85398a4eecad,447700471401,2026-01-26 08:58:32.000,ZWO,SVC_002,FAILED
2e11a8af-3679-4bf3-9314-df1e9c83e00a,447703119554,2026-01-26 09:51:33.000,EYK,SVC_001,DELIVERED
3aa084a7-39f2-4638-a013-299d93b7f1f6,447771331363,2026-01-26 10:45:04.000,FRX,SVC_001,SMSC_QUEUED
9606cb2e-db8d-4aac-b415-6e0fe2ae1743,447709012623,2026-01-26 11:54:32.000,VQS,SVC_001,FAILED
961b74a3-0841-448d-94d2-71a5c0301575,447722612781,2026-01-26 12:18:21.000,UBQ,SVC_002,DELIVERED
83fb4a38-30ca-4130-975e-d7969ed7bf1b,447796613881,2026-01-26 12:38:10.000,CGM,SVC_002,SMSC_QUEUED
e2565042-8c2c-4ebd-8199-89383bb6e4f3,447714053109,2026-01-26 13:28:49.000,QIA,SVC_002,DELIVERED
2fab309a-7507-425f-84e7-bd3e0c67658d,447784633007,2026-01-26 15:43:38.000,UXNCO,SVC_001,FAILED
66993d41-c7a4-4640-abe2-7f1ac1908e3d,447797502883,2026-01-26 15:44:53.000,ZWMZG,SVC_005,DELIVERED
dd97a09e-a7cd-4098-8b8b-0ab3225f7e36,447717502719,2026-01-26 16:00:15.000,YTKFG,SVC_005,DELIVERED
379851f7-813e-4492-9b0d-0f15f1a97d9a,447714132049,2026-01-26 16:24:36.000,BSU,SVC_002,FAILED
17f83d9c-b5d6-47d3-abe0-ca255bb81ec6,447749552113,2026-01-26 17:49:24.000,JGB,SVC_001,SMSC_QUEUED
69ad1f68-f750-43d7-aad0-8a3a5759c491,447729875131,2026-01-26 18:51:05.000,ZGC,SVC_002,DELIVERED
1956bae3-20c4-4070-b805-5f5e9888fd04,447727180365,2026-01-26 19:51:52.000,ORO,SVC_002,DELIVERED
1734e4f0-215a-455b-9d41-14be1abe7827,447753208527,2026-01-26 21:02:36.000,MUB,SVC_001,SMSC_QUEUED
c992f24e-89c5-4a69-8f36-93a76a754e94,447744226970,2026-01-26 21:26:57.000,ADG,SVC_001,SMSC_QUEUED
a9a20377-c168-4604-b5ea-543436251568,447715140871,2026-01-26 21:53:58.000,HRXP,SVC_004,SMSC_QUEUED
6197f79e-6358-4d51-87da-6b2090d93f2f,447797696321,2026-01-26 22:07:24.000,DBF,SVC_001,FAILED
5b309f4b-cfa3-41fb-862c-80696d4b235b,447792628674,2026-01-26 22:23:31.000,MOL,SVC_002,DELIVERED
bc073bf7-4089-4bcb-8241-12955fbaeeb0,447749465590,2026-01-27 00:09:22.000,PUD,SVC_001,SMSC_QUEUED
69efdf4e-12f2-4dde-a2a2-a066079941ff,447788144086,2026-01-27 00:37:24.000,SZN,SVC_002,DELIVERED
c0838ef1-8d8a-4022-98d2-61617c4b1f51,447753345542,2026-01-27 04:27:28.000,RUQ,SVC_001,DELIVERED
85ba09fd-f47c-4c04-b4d4-792aaa4479cb,447742338668,2026-01-27 04:33:21.000,UIE,SVC_002,FAILED
07d52ef5-b363-4c22-aad7-38fbe17ee385,447768283725,2026-01-27 04:58:57.000,GDE,SVC_001,DELIVERED
8e1cddf4-3390-47fe-8ab6-65ba551fa224,447707472981,2026-01-27 05:11:24.000,BVU,SVC_001,DELIVERED
2ccdeb2b-517c-400f-a8f1-6aaf402d83e0,447780419795,2026-01-27 06:54:42.000,LXM,SVC_001,DELIVERED
399980ad-dff2-4bc1-86a3-6a26c09a1bb9,447798876835,2026-01-27 08:26:52.000,KYAYI,SVC_004,DELIVERED
9e108fe3-68cd-4f3c-8bf0-5fc20b8aea82,447720712232,2026-01-27 08:38:27.000,KIR,SVC_002,DELIVERED
123fd4b8-ac67-4169-87dc-9c0ac701dd6f,447744265200,2026-01-27 08:55:45.000,CADK,SVC_005,DELIVERED
535ba743-e11e-4e2c-bf87-95512a4d14d7,447780611748,2026-01-27 09:07:16.000,MHL,SVC_002,FAILED
848e00ef-48fe-4dff-8d3f-af090d5d1635,447711207382,2026-01-27 09:37:40.000,YXC,SVC_002,DELIVERED
e30c5fac-357c-49a9-9fce-64996fb64dab,447727675987,2026-01-27 09:48:08.000,FXL,SVC_002,FAILED
b85f38ad-23c3-4d35-9274-44fa835b2b8a,447791051289,2026-01-27 10:45:17.000,MPNXX,SVC_001,DELIVERED
2a2e3039-9cb2-47f0-a99c-5fd69373719f,447784670484,2026-01-27 12:15:59.000,JSM,SVC_002,DELIVERED
0419ee00-43bb-4cea-82d5-f332c53428cc,447710855453,2026-01-27 12:42:09.000,WSKCB,SVC_004,DELIVERED
2773c3fa-502e-4cf3-b987-9acd40006913,447729982417,2026-01-27 12:45:00.000,PKH,SVC_002,SMSC_QUEUED
f3b80b34-dd4d-484d-9225-20528bcebcab,447715538706,2026-01-27 12:51:22.000,QZL,SVC_002,DELIVERED
14b2d3e5-8b7a-439a-863d-3b0582747ee1,447757042625,2026-01-27 13:11:02.000,WOJ,SVC_001,DELIVERED
08f68e7a-9031-435c-9a72-fb35dfad76f3,447737950876,2026-01-27 13:34:57.000,JMA,SVC_002,SMSC_QUEUED
51616630-7458-4cf8-891f-5da0bd4b2d7e,447744054142,2026-01-27 13:45:29.000,JEE,SVC_001,FAILED
33fe0f3e-675a-4029-8703-dae4a7960683,447741519492,2026-01-27 15:29:09.000,WVT,SVC_001,DELIVERED
bf48f4af-ff23-42a9-bd7c-7f17b05af2b4,447790681919,2026-01-27 18:43:44.000,VJTBC,SVC_004,DELIVERED
e76e8760-d395-432d-b21e-47188aa16642,447741841692,2026-01-27 18:59:04.000,PKY,SVC_001,DELIVERED
ddb45cfd-5c56-4178-a8f3-35c59e61fd15,447789724020,2026-01-27 22:07:40.000,WWG,SVC_002,FAILED
e0c6bde6-dd4c-417f-b9dd-63b8b9c72109,447717482196,2026-01-28 00:38:13.000,AFWHO,SVC_004,DELIVERED
05b1f6af-4358-484f-bb28-25168071eaec,447727341878,2026-01-28 00:40:35.000,DSS,SVC_002,FAILED
e899eb6d-5570-477a-a5b1-758961f56d1a,447782570673,2026-01-28 02:06:37.000,OCMT,SVC_001,DELIVERED
de44d0b4-0aaa-4293-b564-a9fa4cda0ff9,447737997580,2026-01-28 03:18:09.000,WPY,SVC_001,DELIVERED
4df84cae-fdbc-43f7-b094-ba7f9df30fd7,447707320365,2026-01-28 03:28:54.000,EIPR,SVC_002,DELIVERED
10fb44f5-0dc8-4413-bc46-2c5802b70cd7,447767018245,2026-01-28 04:30:29.000,ODR,SVC_001,DELIVERED
8270137a-3ab3-4261-aabe-a9da8ad94712,447757646282,2026-01-28 06:27:10.000,WCRE,SVC_003,DELIVERED
0fc5b602-a58e-4945-835c-693f75842087,447755042953,2026-01-28 06:31:19.000,SKI,SVC_001,DELIVERED
6a57808f-59ad-4d02-adb5-7cd690ec9797,447781523121,2026-01-28 07:19:01.000,HYD,SVC_001,DELIVERED
32bfe78d-f567-4cd8-9937-af48e95ce8ea,447721308515,2026-01-28 08:20:25.000,TLW,SVC_001,DELIVERED
a80cabfa-380a-4bea-a2b4-5ff5560281cf,447789425600,2026-01-28 08:28:32.000,JSK,SVC_002,DELIVERED
a2b8806a-2f21-4550-bc0b-0d35b584e3f7,447755315587,2026-01-28 10:17:57.000,PQV,SVC_002,DELIVERED
a5fed7be-bb60-4378-a9ea-59ca938098ba,447755195921,2026-01-28 10:33:09.000,OLU,SVC_002,DELIVERED
9328a382-e106-446e-aee5-a971c2d03236,447722110827,2026-01-28 11:26:27.000,NKUCT,SVC_001,DELIVERED
969e9ca3-56a6-4e81-80de-ac8035bb7015,447755925062,2026-01-28 12:44:22.000,KCF,SVC_002,DELIVERED
4bbf5c80-26be-4baa-9988-bc3ed6dd5295,447795747945,2026-01-28 13:39:37.000,EKY,SVC_001,SMSC_QUEUED
ea224f92-9b14-46cf-8de9-287edb48dda9,447745547257,2026-01-28 14:17:09.000,AGL,SVC_002,SMSC_QUEUED
228e09b9-afcd-4f36-820f-0335344f4344,447779813660,2026-01-28 15:10:59.000,KTR,SVC_001,FAILED
bfea3e87-ca09-42a3-9b7b-51daea8d0674,447772211463,2026-01-28 15:13:11.000,KVV,SVC_002,SMSC_QUEUED
1e6fb3d2-04f0-4081-9516-fab5b2804240,447740433509,2026-01-28 15:14:39.000,OXY,SVC_002,SMSC_QUEUED
e05274ed-6bf0-4c44-a8f8-1d79a6460aa7,447786611720,2026-01-28 16:35:22.000,JPB,SVC_001,DELIVERED
02348116-c0c5-449d-a2fb-a5d637211968,447729674406,2026-01-28 18:19:35.000,NUJ,SVC_002,DELIVERED
d778e811-1ed7-4b1e-b547-f1b4613828a7,447785604799,2026-01-28 18:36:43.000,HVB,SVC_001,SMSC_QUEUED
eaff96c2-36b4-4b2b-864c-167a66f7bfba,447764867626,2026-01-28 18:43:50.000,KIL,SVC_002,DELIVERED
945857ee-3abc-4325-bbd7-83a84aea2afe,447786888822,2026-01-28 19:36:16.000,STT,SVC_002,FAILED
001c6882-d872-4452-831b-badaa7f04c79,447727171330,2026-01-28 19:41:33.000,OGOC,SVC_005,DELIVERED
494eb2ba-0ced-4196-9a4d-d72a00a515e6,447711631151,2026-01-28 20:56:52.000,GDD,SVC_002,DELIVERED
22709aa6-6412-4cb0-a070-a95e4ccb5a8d,447707718541,2026-01-28 22:12:27.000,OCF,SVC_001,DELIVERED
f6f7d12b-6d84-4fb9-9931-1adc046f0779,447741283560,2026-01-28 22:12:41.000,FFG,SVC_001,FAILED
89ce41ab-0a61-4441-abc1-493f125ff5e7,447726078628,2026-01-28 22:14:22.000,UJV,SVC_002,DELIVERED
166e75a3-a917-4209-ba62-3d836fd9eb9c,447734703674,2026-01-28 22:22:36.000,JVG,SVC_001,DELIVERED
36a1b89a-9469-41b8-bb71-fb083506b023,447755927615,2026-01-28 22:24:53.000,LTD,SVC_001,SMSC_QUEUED
2dd37093-e897-4fac-ae16-91f19ef0f929,447748113968,2026-01-28 22:29:29.000,WDM,SVC_002,DELIVERED
06960881-3ef3-4896-ba9e-c9fe43f54c3d,447713108899,2026-01-28 23:07:42.000,BHJ,SVC_002,FAILED
5bb176ef-94e6-41af-a2d2-ac83189655c8,447785352841,2026-01-28 23:35:19.000,CXX,SVC_002,DELIVERED
fedacd7f-019c-4e1f-87ab-d1e7a59f8cd2,447753334404,2026-01-29 00:28:26.000,GFS,SVC_001,DELIVERED
1a63117c-21db-4925-a307-172100209c8a,447726014108,2026-01-29 00:53:05.000,DDH,SVC_001,DELIVERED
c65b0457-670f-4e67-814d-36e21bcfbe7c,447739023154,2026-01-29 01:01:26.000,YUV,SVC_002,SMSC_QUEUED
dbc0acba-658b-4b7e-9479-dcb138c2ce7e,447742209103,2026-01-29 03:34:00.000,EEU,SVC_001,SMSC_QUEUED
11ab5709-0827-4725-b0d2-837c24f7a340,447714435325,2026-01-29 04:08:36.000,GUPJE,SVC_003,DELIVERED
e8fb239b-8bb4-4275-8031-14b33f4fb040,447791260457,2026-01-29 04:17:06.000,BJL,SVC_002,DELIVERED
2ff72a98-93b3-490a-bf1f-890898d30a64,447795081847,2026-01-29 05:30:20.000,MUC,SVC_001,FAILED
561e97bf-fd04-4faf-8a89-a2dba2bba2f4,447767336454,2026-01-29 08:05:01.000,EGK,SVC_001,DELIVERED
8206f8ae-fc47-4614-bc27-fa8b0a965282,447761533151,2026-01-29 08:32:45.000,UMD,SVC_001,DELIVERED
5f9730b7-9cd3-4b6b-a822-bed33c38994a,447735318014,2026-01-29 08:43:45.000,WBE,SVC_001,SMSC_QUEUED
b043420d-dd1e-428d-978a-cb20d29e14d2,447782894609,2026-01-29 10:41:13.000,BYU,SVC_002,DELIVERED
7029585b-74c3-482d-bebb-84d4409079f6,447787510431,2026-01-29 11:00:05.000,XSD,SVC_002,DELIVERED
16622286-709e-4af8-ad2a-1fc285c73c98,447717747419,2026-01-29 11:08:50.000,MQL,SVC_001,DELIVERED
d55cbe97-794e-4d90-8451-3967a897e1ba,447784737459,2026-01-29 13:43:48.000,NRMKD,SVC_005,DELIVERED
3c015ab6-fefa-4b05-99d6-e2c279619c02,447765098062,2026-01-29 14:15:55.000,BNKUF,SVC_001,DELIVERED
285748fd-acf3-4cab-b3eb-1bd2254229e4,447756988894,2026-01-29 16:01:44.000,XZB,SVC_002,DELIVERED
2ccc75c1-be11-4806-a711-7e55103d0515,447722875143,2026-01-29 16:03:58.000,KXP,SVC_002,SMSC_QUEUED
943d7475-c3b9-416f-9aa3-918dc2163d6c,447714832386,2026-01-29 16:18:30.000,BVH,SVC_002,DELIVERED
53849ba1-f615-483e-a1ea-6877d23f822b,447782852880,2026-01-29 17:36:46.000,CZQ,SVC_001,DELIVERED
f424646b-aa4b-45bb-b64b-c9c991950578,447761827047,2026-01-29 18:23:25.000,JPT,SVC_001,DELIVERED
eb424bfe-f7fa-4eb5-b559-9acc188a5793,447747253664,2026-01-29 20:22:49.000,YTG,SVC_002,DELIVERED
fce297a0-80c9-41e2-910e-9c28d7a27d17,447760049005,2026-01-29 21:18:37.000,DCE,SVC_001,DELIVERED
3cee6c60-d045-4a2d-9962-0fa59f534a53,447794691878,2026-01-29 22:41:40.000,ZHL,SVC_002,DELIVERED
07235047-6570-44eb-bede-41fb47ef39b1,447720610936,2026-01-29 23:05:00.000,ANN,SVC_001,DELIVERED
b838c510-c54d-4df3-9de3-8aab28325c35,447754373954,2026-01-29 23:27:12.000,PXA,SVC_001,DELIVERED
90414019-5d66-4275-80c3-5b5df4e74f47,447732118126,2026-01-30 00:44:45.000,RTR,SVC_002,DELIVERED
b3fb7cd6-71ff-45db-9389-323cf795adf6,447702225881,2026-01-30 02:03:37.000,PWE,SVC_002,FAILED
de4115e1-68aa-489a-b9ad-b126b35a21ac,447782805377,2026-01-30 02:54:33.000,LGS,SVC_002,DELIVERED
f3422f80-b798-4881-9bff-ebaf8c4ac3b1,447757017714,2026-01-30 03:09:29.000,KQF,SVC_002,DELIVERED
204dae5e-b4ef-44b4-9f7f-2e4fbe68f635,447782053054,2026-01-30 03:21:41.000,TKG,SVC_002,DELIVERED
7608213a-344a-4d43-a563-38ec131bca07,447760269905,2026-01-30 05:42:20.000,XMU,SVC_001,DELIVERED
c91f7d24-0671-4187-aba7-6b5ab96cb52d,447792287776,2026-01-30 06:39:18.000,XJC,SVC_002,DELIVERED
ba522f3d-4ac8-4427-8ca0-3d192919f11d,447785795544,2026-01-30 08:33:49.000,FDI,SVC_001,DELIVERED
f095e105-928d-44ea-aed1-ce64816ac701,447702015074,2026-01-30 08:34:14.000,RPG,SVC_001,SMSC_QUEUED
3ed58216-7e63-4616-acbc-b537ad7d1848,447701712912,2026-01-30 08:56:53.000,ATRUI,SVC_003,DELIVERED
adc3ec77-683f-4f76-aba7-74adfa6e0414,447786485585,2026-01-30 09:07:05.000,YBJ,SVC_001,FAILED
02bc4236-869b-4e00-926f-a276a16d6e12,447777046164,2026-01-30 09:18:07.000,EQH,SVC_002,DELIVERED
d3c8acae-5f3c-4b5c-9ddc-651218d9b61c,447787943530,2026-01-30 11:00:17.000,FNW,SVC_001,FAILED
c5fac5c9-47f1-4de3-a524-2e9c0594afe5,447748678820,2026-01-30 11:48:19.000,WBQ,SVC_001,FAILED
31e08f43-e4f8-43e8-9cec-295f18649b88,447752253532,2026-01-30 13:24:18.000,BTN,SVC_002,DELIVERED
be1dcef8-0186-42dc-8ad7-bd86e23fccc5,447732558253,2026-01-30 13:32:48.000,KMK,SVC_002,SMSC_QUEUED
813f8473-596b-4344-bfa0-41b4e48ba98d,447725492790,2026-01-30 13:37:05.000,CPN,SVC_001,DELIVERED
e48553f7-b113-4479-9558-73587bb8bc76,447738250577,2026-01-30 13:40:33.000,CXHH,SVC_004,FAILED
fd5f6f0f-5f87-43ea-be55-d46263cf6f73,447767611264,2026-01-30 14:33:13.000,TVR,SVC_002,DELIVERED
1eea75e8-6a47-4e77-b516-235628310f9a,447772811363,2026-01-30 15:12:33.000,UEY,SVC_001,DELIVERED
d6010a08-04c4-40cc-aeb7-b6cbc468449c,447703845166,2026-01-30 16:11:57.000,NUY,SVC_001,DELIVERED
443903cd-a840-4012-b243-3bc7455907e8,447768131497,2026-01-30 17:07:49.000,FRC,SVC_001,SMSC_QUEUED
bd3d29e0-8d68-4a7f-8ad6-bb3f9b035b37,447701187000,2026-01-30 17:36:13.000,SLD,SVC_002,DELIVERED
d85fec7c-2b03-4896-a0d1-63318e91b334,447744304433,2026-01-30 17:44:08.000,FAR,SVC_002,SMSC_QUEUED
83283413-50dc-432c-8587-ec3a16dbd2a2,447798599155,2026-01-30 19:50:44.000,CMP,SVC_002,DELIVERED
8e07430a-7deb-4363-b00a-b98da90e28c4,447741935758,2026-01-30 19:54:40.000,VKP,SVC_001,SMSC_QUEUED
38255caf-6329-4253-9446-30d3e44b8704,447770879810,2026-01-30 21:53:27.000,NFT,SVC_002,DELIVERED
efde84ff-7c67-4898-887d-12d7e050e105,447751904287,2026-01-30 22:16:46.000,BWK,SVC_001,DELIVERED
5dc17ccd-3785-4e18-9bd7-548662235ad6,447771265283,2026-01-30 22:48:21.000,AYT,SVC_002,DELIVERED
774aa6d5-3783-4a2c-8492-26d8b7e9ea1d,447799299413,2026-01-30 22:49:15.000,IOE,SVC_002,DELIVERED
4d979a59-a9c0-43b4-92ab-e36f88e46db0,447767789156,2026-01-31 00:30:28.000,AQI,SVC_001,FAILED
ab493766-7c85-44b9-afe7-c0069cb088ec,447736071429,2026-01-31 01:39:04.000,SYO,SVC_002,DELIVERED
e9d34f8e-15ad-4e9b-b5b9-b122beee834f,447722424454,2026-01-31 05:07:57.000,UTB,SVC_001,DELIVERED
17cfe5f0-faaa-4e3e-9fa7-11799d63f6b3,447735654893,2026-01-31 06:17:49.000,KSE,SVC_002,FAILED
368e9025-e9a1-41ca-b08d-9b5c5b6e2dd5,447717288989,2026-01-31 07:25:18.000,KAJK,SVC_002,DELIVERED
e6d2b5d2-32c6-4b09-bfd1-8b760d69bbba,447732981972,2026-01-31 08:04:46.000,NXR,SVC_001,DELIVERED
17d93f6b-7f18-4d65-be0c-f737298dd0d7,447726684604,2026-01-31 08:48:47.000,YBDC,SVC_003,SMSC_QUEUED
d649cfc9-1cca-49b2-a37e-1b9fd2dd5ca5,447731327255,2026-01-31 08:57:34.000,NQW,SVC_002,FAILED
29014506-af80-4aa2-adab-70675b5f6d8d,447784379805,2026-01-31 09:02:17.000,FMX,SVC_002,DELIVERED
8bc39bf3-7000-45fe-91d7-2e0619006969,447792078694,2026-01-31 09:39:46.000,XTT,SVC_002,SMSC_QUEUED
367619e6-857d-4272-81a2-0faaf4cae0c2,447769932362,2026-01-31 11:27:43.000,LPW,SVC_002,SMSC_QUEUED
940cc7ac-b01f-41f0-82b0-cbe0e21ed47e,447771899926,2026-01-31 11:28:40.000,MST,SVC_002,DELIVERED
b87cd687-0e92-43fc-a5b8-be493db34e65,447748765710,2026-01-31 12:31:36.000,BZPMC,SVC_005,DELIVERED
e6075da5-f3d1-4d5d-bf6a-ab79ab6b76c3,447776972600,2026-01-31 14:31:43.000,CBT,SVC_002,DELIVERED
4c7c6513-c427-4067-9241-324626d67533,447701199874,2026-01-31 17:16:42.000,CZK,SVC_001,FAILED
496a9747-4eb2-4bfd-a877-81469d625d2c,447779185867,2026-01-31 17:59:56.000,VDK,SVC_001,DELIVERED
0016fac8-a93b-489e-afc7-a5a61ce9a660,447739149456,2026-01-31 19:12:30.000,EWO,SVC_002,SMSC_QUEUED
d4bdf24d-4613-4779-a948-570c2f5d5031,447786617403,2026-01-31 23:25:10.000,ZHT,SVC_002,FAILED
